system:index,anchor_pct,is_default_combo,nAnnualStableUrban,nIntersection_UU,run_uid,thr_ndbi,thr_ndvi,thr_tcb,unstableRatio_thr,.geo
0,90,0,17,2,20260422_unified_canonical_v02,0.11813302419766607,0.17378552618989707,0.17579317473701905,0.05,"{""type"":""MultiPoint"",""coordinates"":[]}"
1,90,0,133,17,20260422_unified_canonical_v02,0.11813302419766607,0.17378552618989707,0.17579317473701905,0.1,"{""type"":""MultiPoint"",""coordinates"":[]}"
2,90,0,344,35,20260422_unified_canonical_v02,0.11813302419766607,0.17378552618989707,0.17579317473701905,0.15,"{""type"":""MultiPoint"",""coordinates"":[]}"
3,90,0,490,41,20260422_unified_canonical_v02,0.11813302419766607,0.17378552618989707,0.17579317473701905,0.2,"{""type"":""MultiPoint"",""coordinates"":[]}"
4,95,0,274,32,20260422_unified_canonical_v02,0.14736071008850227,0.23241912808131288,0.26991196802214457,0.05,"{""type"":""MultiPoint"",""coordinates"":[]}"
5,95,1,535,43,20260422_unified_canonical_v02,0.14736071008850227,0.23241912808131288,0.26991196802214457,0.1,"{""type"":""MultiPoint"",""coordinates"":[]}"
6,95,0,692,44,20260422_unified_canonical_v02,0.14736071008850227,0.23241912808131288,0.26991196802214457,0.15,"{""type"":""MultiPoint"",""coordinates"":[]}"
7,95,0,777,44,20260422_unified_canonical_v02,0.14736071008850227,0.23241912808131288,0.26991196802214457,0.2,"{""type"":""MultiPoint"",""coordinates"":[]}"
8,97,0,493,39,20260422_unified_canonical_v02,0.1709086653889013,0.27916808372303364,0.3466449768081041,0.05,"{""type"":""MultiPoint"",""coordinates"":[]}"
9,97,0,709,44,20260422_unified_canonical_v02,0.1709086653889013,0.27916808372303364,0.3466449768081041,0.1,"{""type"":""MultiPoint"",""coordinates"":[]}"
10,97,0,805,45,20260422_unified_canonical_v02,0.1709086653889013,0.27916808372303364,0.3466449768081041,0.15,"{""type"":""MultiPoint"",""coordinates"":[]}"
11,97,0,869,45,20260422_unified_canonical_v02,0.1709086653889013,0.27916808372303364,0.3466449768081041,0.2,"{""type"":""MultiPoint"",""coordinates"":[]}"
