system:index,GridID,Shape_Ar_1,Shape_Ar_2,Shape_Area,Shape_Le_1,Shape_Le_2,Shape_Leng,a17,a25,agricultureFrac17,agricultureFrac25,annual_full_support,annual_full_support_min,annual_pair_count,annual_stable_urban_p90,annual_stable_urban_p95,annual_stable_urban_p97,annual_unstable_ratio_threshold,b17,b25,bareFrac17,bareFrac25,bareFracIncrease,bareFracMax,block_1000,block_1500,block_2000,block_600,changeRatio,changed,cloud_mask_method,commonFrac_full,commonFrac_union,commonValid,core_default,dom17,dom25,f17,f25,forestFrac17,forestFrac25,g17,g25,greenhouseFrac17,greenhouseFrac25,keep_default,maxdNDBI,maxdNDVI,maxdTCB,purity17,purity25,run_uid,u17,u25,unionValid,unstableRatio_p90,unstableRatio_p95,unstableRatio_p97,urbanFrac17,urbanFrac25,valid17,valid25,x_utm,y_utm,.geo
0000000000000000000a,0000000000000000000a,0.0,90000.0,90000.0,0.0,1200.0,1200.0,0.0,0.0005407267542004436,0.0,0.0005407267542004436,1.0,0.9,8.0,0,0,1,0.1,0.0165924620946184,0.0222177646181553,0.0165924620946184,0.0222177646181553,0.0056253025235368,0.0222177646181553,286_4080,191_2720,143_2040,477_6800,0.0593622040720212,0.0593622040720212,SCL_2_4_5_6,1.0,1.0,1.0,UU,1,1,0.0,0.0,0.0,0.0,0.0255580605352322,0.0044479136232617,0.0255580605352322,0.0044479136232617,1,0.0658322525993827,0.0421957236503144,0.133257456294888,0.9578494773701492,0.9727935950043824,20260920_revision_exact_v03,0.9578494773701492,0.9727935950043824,1.0,0.2470990445707108,0.1384958202694039,0.0785318396483531,0.9578494773701492,0.9727935950043824,1.0,1.0,286634.95566845924,4080045.026200996,"{""type"":""MultiPoint"",""coordinates"":[]}"
00000000000000000011,00000000000000000011,0.0,90000.0,90000.0,0.0,1200.0,1200.0,0.0022203163297735,0.0022203163297735,0.0022203163297735,0.0022203163297735,1.0,0.9,8.0,0,0,0,0.1,0.0322294152731642,0.0183372007470711,0.0322294152731642,0.0183372007470711,-0.013892214526093,0.0322294152731642,286_4080,191_2720,143_2040,478_6800,0.0541452435164586,0.0541452435164586,SCL_2_4_5_6,1.0,1.0,1.0,UU,1,1,0.0,0.0,0.0,0.0,0.0080584422086487,0.0,0.0080584422086487,0.0,1,0.0738456353995769,0.0467142166043958,0.2587717863946851,0.9574918261884134,0.9794424829231552,20260920_revision_exact_v03,0.9574918261884134,0.9794424829231552,1.0,0.4204277809462032,0.316821726012965,0.2629725246738095,0.9574918261884134,0.9794424829231552,1.0,1.0,286935.020483312,4080345.090636145,"{""type"":""MultiPoint"",""coordinates"":[]}"
0000000000000000001c,0000000000000000001c,0.0,90000.0,90000.0,0.0,1200.0,1200.0,0.0183163898382567,0.0405207131506193,0.0183163898382567,0.0405207131506193,1.0,0.9,8.0,0,1,1,0.1,0.0022204323312362,0.0399634281733679,0.0022204323312362,0.0399634281733679,0.0377429958421316,0.0399634281733679,286_4080,191_2720,143_2040,478_6801,0.0969414633084442,0.0969414633084442,SCL_2_4_5_6,1.0,1.0,1.0,UU,1,1,0.0,0.0044365108735877,0.0,0.0044365108735877,0.0314517709036289,0.0255349718092169,0.0314517709036289,0.0255349718092169,1,0.0683666660460033,0.0646932111145582,0.0905936095173825,0.948011406926878,0.889544375993208,20260920_revision_exact_v03,0.948011406926878,0.889544375993208,1.0,0.1666673922981475,0.0608616148202974,0.0250342860874676,0.948011406926878,0.889544375993208,1.0,1.0,286935.01997783885,4080644.905365138,"{""type"":""MultiPoint"",""coordinates"":[]}"
0000000000000000001d,0000000000000000001d,0.0,90000.0,90000.0,0.0,1200.0,1200.0,0.0138983376070612,0.0533605456416697,0.0138983376070612,0.0533605456416697,1.0,0.9,8.0,0,1,1,0.1,0.0022240828928777,0.0055558462853454,0.0022240828928777,0.0055558462853454,0.0033317633924677,0.0055558462853454,287_4080,191_2720,143_2040,478_6801,0.0857711026218012,0.0857711026218012,SCL_2_4_5_6,1.0,1.0,1.0,UU,1,1,0.0,0.0022240828928777,0.0,0.0022240828928777,0.018516580319919,0.0122280949639785,0.018516580319919,0.0122280949639785,1,0.0623114253749338,0.0781119237303015,0.0771885380470808,0.965360999180142,0.9266314302161286,20260920_revision_exact_v03,0.965360999180142,0.9266314302161286,1.0,0.1295942575051894,0.0501683325483628,0.0254722905437228,0.965360999180142,0.9266314302161286,1.0,1.0,287235.08465506026,4080644.9056242607,"{""type"":""MultiPoint"",""coordinates"":[]}"
00000000000000000023,00000000000000000023,0.0,90000.0,90000.0,0.0,1200.0,1200.0,0.0044478748315694,0.0416922855535641,0.0044478748315694,0.0416922855535641,1.0,0.9,8.0,0,1,1,0.1,0.0150050365641475,0.0133392638331087,0.0150050365641475,0.0133392638331087,-0.0016657727310387,0.0150050365641475,301_4080,200_2720,150_2040,501_6801,0.0906058267160293,0.0906058267160293,SCL_2_4_5_6,1.0,1.0,1.0,UU,1,1,0.0,0.0,0.0,0.0,0.0155588405872938,0.0250171155967783,0.0155588405872938,0.0250171155967783,1,0.0593174324291936,0.0731435795551076,0.0656337435058846,0.9649882480169892,0.9199513350165488,20260920_revision_exact_v03,0.9649882480169892,0.9199513350165488,1.0,0.1028331218412457,0.0439075016461497,0.0177871386646781,0.9649882480169892,0.9199513350165488,1.0,1.0,301035.07867848367,4080644.905498733,"{""type"":""MultiPoint"",""coordinates"":[]}"
00000000000000000039,00000000000000000039,0.0,90000.0,90000.0,0.0,1200.0,1200.0,0.0700547773145159,0.0494565881059958,0.0700547773145159,0.0494565881059958,1.0,0.9,8.0,0,1,1,0.1,0.002760671981578,0.018308532351761,0.002760671981578,0.018308532351761,0.0155478603701829,0.018308532351761,300_4080,200_2720,150_2040,500_6801,0.091368211712576,0.091368211712576,SCL_2_4_5_6,1.0,1.0,1.0,UU,1,1,0.0,0.0011121190447115,0.0,0.0011121190447115,0.0221900458803621,0.0108333478708371,0.0221900458803621,0.0108333478708371,1,0.0668998284763522,0.0751404506539801,0.0636005151313609,0.9049945048235436,0.9202894126266944,20260920_revision_exact_v03,0.9049945048235436,0.9202894126266944,1.0,0.1119097046560717,0.0452523419918706,0.0260846431624304,0.9049945048235436,0.9202894126266944,1.0,1.0,300434.949662598,4080944.974459088,"{""type"":""MultiPoint"",""coordinates"":[]}"
0000000000000000003e,0000000000000000003e,0.0,90000.0,90000.0,0.0,1200.0,1200.0,0.0439221603893724,0.0711276450988259,0.0439221603893724,0.0711276450988259,1.0,0.9,8.0,0,1,1,0.1,0.0088707848507579,0.002224238089423,0.0088707848507579,0.002224238089423,-0.0066465467613348,0.0088707848507579,301_4080,201_2720,150_2040,503_6801,0.0813635015613278,0.0813635015613278,SCL_2_4_5_6,1.0,1.0,1.0,UU,1,1,0.0,0.0011121190447115,0.0,0.0011121190447115,0.0074795457320796,0.0166556181637388,0.0074795457320796,0.0166556181637388,1,0.063355678604128,0.0802542777042542,0.0638993403149695,0.93972750902779,0.9088803796033004,20260920_revision_exact_v03,0.93972750902779,0.9088803796033004,1.0,0.1045043001936395,0.0422518011967273,0.0250161366292762,0.93972750902779,0.9088803796033004,1.0,1.0,301935.0265106149,4080944.969644813,"{""type"":""MultiPoint"",""coordinates"":[]}"
0000000000000000006a,0000000000000000006a,0.0,90000.0,90000.0,0.0,1200.0,1200.0,0.0249783393344624,0.067742370874133,0.0249783393344624,0.067742370874133,1.0,0.9,8.0,0,1,1,0.1,0.0038923889428289,0.0105538599523683,0.0038923889428289,0.0105538599523683,0.0066614710095394,0.0105538599523683,286_4081,190_2721,143_2040,476_6802,0.0799594216275759,0.0799594216275759,SCL_2_4_5_6,1.0,1.0,1.0,UU,1,1,0.0,0.0011102451682565,0.0,0.0011102451682565,0.0066745327174012,0.0105538599523683,0.0066745327174012,0.0105538599523683,1,0.0651820472614663,0.0691598063708046,0.0723368571136238,0.9644547390053074,0.9100396640528736,20260920_revision_exact_v03,0.9644547390053074,0.9100396640528736,1.0,0.1016418566782335,0.0371997439905259,0.0222092572677519,0.9644547390053074,0.9100396640528736,1.0,1.0,286035.0733431746,4081544.85041901,"{""type"":""MultiPoint"",""coordinates"":[]}"
0000000000000000006e,0000000000000000006e,0.0,90000.0,90000.0,0.0,1200.0,1200.0,0.0258456413006981,0.0377982147451411,0.0258456413006981,0.0377982147451411,1.0,0.9,8.0,0,1,1,0.1,0.0608355899757111,0.0808292234097757,0.0608355899757111,0.0808292234097757,0.0199936334340646,0.0808292234097757,287_4081,191_2721,143_2040,478_6802,0.0958342599739232,0.0958342599739232,SCL_2_4_5_6,1.0,1.0,1.0,UU,1,1,0.0,0.0,0.0,0.0,0.0088957496631388,0.0088913890015393,0.0088957496631388,0.0088913890015393,1,0.0632825677643265,0.0836004325767602,0.0850840812064206,0.904423019060452,0.8724811728435438,20260920_revision_exact_v03,0.904423019060452,0.8724811728435438,1.0,0.1336891633198588,0.0536448589980071,0.0236217038849134,0.904423019060452,0.8724811728435438,1.0,1.0,287235.08267244144,4081544.851182784,"{""type"":""MultiPoint"",""coordinates"":[]}"
000000000000000001da,000000000000000001da,0.0,90000.0,90000.0,0.0,1200.0,1200.0,0.0435252865342009,0.071873419046456,0.0435252865342009,0.071873419046456,1.0,0.9,8.0,1,1,1,0.1,0.0080595921357919,0.0204847966784711,0.0080595921357919,0.0204847966784711,0.0124252045426791,0.0204847966784711,290_4083,193_2722,145_2041,484_6806,0.09851630235682,0.09851630235682,SCL_2_4_5_6,1.0,1.0,1.0,UU,1,1,0.0,0.0011121190447115,0.0,0.0011121190447115,0.0066727142682692,0.0088969523576923,0.0066727142682692,0.0088969523576923,1,0.0573335263296557,0.0846944300349585,0.0562740476553914,0.9417424070617378,0.8976327128726689,20260920_revision_exact_v03,0.9417424070617378,0.8976327128726689,1.0,0.0864661654135338,0.0287668126232053,0.0132320360064895,0.9417424070617378,0.8976327128726689,1.0,1.0,290834.8680666802,4083944.871863891,"{""type"":""MultiPoint"",""coordinates"":[]}"
00000000000000000218,00000000000000000218,0.0,90000.0,90000.0,0.0,1200.0,1200.0,0.0333593521744628,0.0289070778515704,0.0333593521744628,0.0289070778515704,1.0,0.9,8.0,0,0,1,0.1,0.0122230410647084,0.0172334849403238,0.0122230410647084,0.0172334849403238,0.0050104438756154,0.0172334849403238,296_4084,197_2722,148_2042,493_6807,0.0992146379965201,0.0992146379965201,SCL_2_4_5_6,1.0,1.0,1.0,UU,1,1,0.0,0.0,0.0,0.0,0.0574958246301036,0.0255318963374483,0.0574958246301036,0.0255318963374483,1,0.0734074232883384,0.0837795413433518,0.0859302346797718,0.896921782130725,0.9283275408706572,20260920_revision_exact_v03,0.896921782130725,0.9283275408706572,1.0,0.1795125609952859,0.1000431709263433,0.0678263220551104,0.896921782130725,0.9283275408706572,1.0,1.0,296235.03785798594,4084244.940030304,"{""type"":""MultiPoint"",""coordinates"":[]}"
00000000000000000299,00000000000000000299,0.0,90000.0,90000.0,0.0,1200.0,1200.0,0.0375219327844513,0.0808650333726636,0.0375219327844513,0.0808650333726636,1.0,0.9,8.0,0,1,1,0.1,0.0222397345860962,0.0333117089503176,0.0222397345860962,0.0333117089503176,0.0110719743642213,0.0333117089503176,296_4084,197_2723,148_2042,494_6808,0.0900343522916766,0.0900343522916766,SCL_2_4_5_6,1.0,1.0,1.0,UU,1,1,0.0,0.0,0.0,0.0,0.0011102451682565,0.0016893142167982,0.0011102451682565,0.0016893142167982,1,0.0685825831448391,0.0845252961994558,0.07590431091654,0.939128087461196,0.8841339434602205,20260920_revision_exact_v03,0.939128087461196,0.8841339434602205,1.0,0.1702724236869718,0.0766896407594948,0.0322493567108878,0.939128087461196,0.8841339434602205,1.0,1.0,296834.91778699553,4084845.0654568034,"{""type"":""MultiPoint"",""coordinates"":[]}"
000000000000000002d7,000000000000000002d7,0.0,90000.0,90000.0,0.0,1200.0,1200.0,0.0033307065016261,0.0094348248222534,0.0033307065016261,0.0094348248222534,1.0,0.9,8.0,0,1,1,0.1,0.019440005921256,0.0666576686796034,0.019440005921256,0.0666576686796034,0.0472176627583474,0.0666576686796034,295_4085,196_2723,147_2042,491_6808,0.0855186105946944,0.0855186105946944,SCL_2_4_5_6,1.0,1.0,1.0,UU,1,1,0.0,0.0022204710010841,0.0,0.0022204710010841,0.0099921195048785,0.0055511775027102,0.0099921195048785,0.0055511775027102,1,0.0624424283795888,0.0625211775067212,0.0675490320444443,0.9672371680722394,0.9161358579943488,20260920_revision_exact_v03,0.9672371680722394,0.9161358579943488,1.0,0.1016322638790322,0.0360891845646788,0.0260883573303843,0.9672371680722394,0.9161358579943488,1.0,1.0,295035.02523789974,4085145.132636897,"{""type"":""MultiPoint"",""coordinates"":[]}"
000000000000000002d8,000000000000000002d8,0.0,90000.0,90000.0,0.0,1200.0,1200.0,0.0205632991992742,0.0300141304537445,0.0205632991992742,0.0300141304537445,1.0,0.9,8.0,0,1,1,0.1,0.0066727142682692,0.0266385220592083,0.0066727142682692,0.0266385220592083,0.019965807790939,0.0266385220592083,295_4085,196_2723,147_2042,492_6808,0.0666530014130453,0.0666530014130453,SCL_2_4_5_6,1.0,1.0,1.0,UU,1,1,0.0055605952235577,0.0122289482406712,0.0055605952235577,0.0122289482406712,0.0094464700033145,0.012233309491827,0.0094464700033145,0.012233309491827,1,0.0666198261136135,0.0531181140001526,0.0716257239524274,0.9577569213055842,0.9188850897545487,20260920_revision_exact_v03,0.9577569213055842,0.9188850897545487,1.0,0.1105838843047293,0.0433595589902831,0.0294646128081223,0.9577569213055842,0.9188850897545487,1.0,1.0,295335.0900936085,4085145.13119446,"{""type"":""MultiPoint"",""coordinates"":[]}"
000000000000000002db,000000000000000002db,0.0,90000.0,90000.0,0.0,1200.0,1200.0,0.0055598920290771,0.0233515465221239,0.0055598920290771,0.0233515465221239,1.0,0.9,8.0,0,1,1,0.1,0.0438773596835876,0.031048181370219,0.0438773596835876,0.031048181370219,-0.0128291783133686,0.0438773596835876,296_4085,197_2723,148_2042,493_6808,0.0994326729780525,0.0994326729780525,SCL_2_4_5_6,1.0,1.0,1.0,UU,1,1,0.0,0.0,0.0,0.0,0.0011119784058154,0.0077838488407079,0.0011119784058154,0.0077838488407079,1,0.0673126371689228,0.0756115977461413,0.0823211693957378,0.9494507698815198,0.9378164232669488,20260920_revision_exact_v03,0.9494507698815198,0.9378164232669488,1.0,0.1535620374932953,0.0622184623300962,0.03777674090031,0.9494507698815198,0.9378164232669488,1.0,1.0,296235.0381806832,4085145.131438402,"{""type"":""MultiPoint"",""coordinates"":[]}"
0000000000000000035b,0000000000000000035b,0.0,90000.0,90000.0,0.0,1200.0,1200.0,0.0077848333129808,0.0411440434031714,0.0077848333129808,0.0411440434031714,1.0,0.9,8.0,0,1,1,0.1,0.0077848333129808,0.0232978036739179,0.0077848333129808,0.0232978036739179,0.0155129703609371,0.0232978036739179,293_4085,195_2723,146_2042,489_6809,0.0850051462763637,0.0850051462763637,SCL_2_4_5_6,1.0,1.0,1.0,UU,1,1,0.0,0.0,0.0,0.0,0.0166599794148945,0.0016572754391779,0.0166599794148945,0.0016572754391779,1,0.0629613461773695,0.0732306892608307,0.0640130414907627,0.9677703539591438,0.9339008774837324,20260920_revision_exact_v03,0.9677703539591438,0.9339008774837324,1.0,0.1160965057655739,0.0549692095668405,0.0283219650053207,0.9677703539591438,0.9339008774837324,1.0,1.0,293835.01679072395,4085745.013109906,"{""type"":""MultiPoint"",""coordinates"":[]}"
0000000000000000035f,0000000000000000035f,0.0,90000.0,90000.0,0.0,1200.0,1200.0,0.0,0.0069879528563529,0.0,0.0069879528563529,1.0,0.9,8.0,0,1,1,0.1,0.0144722462894188,0.0228011894758382,0.0144722462894188,0.0228011894758382,0.0083289431864194,0.0228011894758382,295_4085,196_2723,147_2042,491_6809,0.0420017328381538,0.0420017328381538,SCL_2_4_5_6,1.0,1.0,1.0,UU,1,1,0.0,0.0,0.0,0.0,0.001110235500542,0.0,0.001110235500542,0.0,1,0.0622249203927056,0.047805179644831,0.0848045291752473,0.9844175182100392,0.9702108576678088,20260920_revision_exact_v03,0.9844175182100392,0.9702108576678088,1.0,0.1096912674535552,0.0271985928309263,0.0105450603227955,0.9844175182100392,0.9702108576678088,1.0,1.0,295035.0260554798,4085745.013937802,"{""type"":""MultiPoint"",""coordinates"":[]}"
0000000000000000037d,0000000000000000037d,0.0,90000.0,90000.0,0.0,1200.0,1200.0,0.0,0.0,0.0,0.0,1.0,0.9,8.0,0,1,1,0.1,0.0,0.0,0.0,0.0,0.0,0.0,304_4085,202_2723,152_2042,506_6809,0.0366243910084769,0.0366243910084769,SCL_2_4_5_6,1.0,1.0,1.0,UU,1,1,0.0,0.0,0.0,0.0,0.0,0.0366243910084769,0.0,0.0366243910084769,1,0.0435253469802279,0.0217178743811176,0.0973255127153513,1.0,0.9633756089915232,20260920_revision_exact_v03,1.0,0.9633756089915232,1.0,0.1099646033881481,0.0472085439497046,0.0205674777845987,1.0,0.9633756089915232,1.0,1.0,304034.98242015013,4085745.012350288,"{""type"":""MultiPoint"",""coordinates"":[]}"
0000000000000000039d,0000000000000000039d,0.0,90000.0,90000.0,0.0,1200.0,1200.0,0.0072265931650471,0.0072265931650471,0.0072265931650471,0.0072265931650471,1.0,0.9,8.0,0,1,1,0.1,0.0116750693438933,0.028836592641697,0.0116750693438933,0.028836592641697,0.0171615232978036,0.028836592641697,293_4086,195_2724,146_2043,488_6810,0.0610575161802417,0.0610575161802417,SCL_2_4_5_6,1.0,1.0,1.0,UU,1,1,0.0,0.0,0.0,0.0,0.0094290249986916,0.0044484761788461,0.0094290249986916,0.0044484761788461,1,0.0670526706073362,0.0689551057400049,0.0638961995773947,0.9716693124923678,0.9594883380144096,20260920_revision_exact_v03,0.9716693124923678,0.9594883380144096,1.0,0.1041772063569596,0.0380868063430036,0.0239083788357203,0.9716693124923678,0.9594883380144096,1.0,1.0,293234.88892913825,4086045.0764943664,"{""type"":""MultiPoint"",""coordinates"":[]}"
000000000000000003df,000000000000000003df,0.0,90000.0,90000.0,0.0,1200.0,1200.0,0.0144331871873353,0.0388629347916004,0.0144331871873353,0.0388629347916004,1.0,0.9,8.0,1,1,1,0.1,0.0105625677576095,0.0419716212627188,0.0105625677576095,0.0419716212627188,0.0314090535051093,0.0419716212627188,292_4086,195_2724,146_2043,487_6810,0.0925073689801854,0.0925073689801854,SCL_2_4_5_6,1.0,1.0,1.0,UU,1,1,0.0011102451682565,0.0044409806730262,0.0011102451682565,0.0044409806730262,0.0077717161777959,0.0022204903365131,0.0077717161777959,0.0022204903365131,1,0.0634220452449294,0.0695721686946494,0.0577927454534372,0.9661222837090024,0.9125039729361414,20260920_revision_exact_v03,0.9661222837090024,0.9125039729361414,1.0,0.0991601321844836,0.0349836075566334,0.0144462488951972,0.9661222837090024,0.9125039729361414,1.0,1.0,292635.0078285741,4086344.894468029,"{""type"":""MultiPoint"",""coordinates"":[]}"
00000000000000000426,00000000000000000426,0.0,90000.0,90000.0,0.0,1200.0,1200.0,0.0075321859448539,0.037251666441717,0.0075321859448539,0.037251666441717,1.0,0.9,8.0,1,1,1,0.1,0.0099921195048785,0.0341778379578633,0.0099921195048785,0.0341778379578633,0.0241857184529848,0.0341778379578633,293_4086,195_2724,146_2043,489_6811,0.0730883268533313,0.0730883268533313,SCL_2_4_5_6,1.0,1.0,1.0,UU,1,1,0.0,0.0,0.0,0.0,0.0005660024120410484,0.0044409420021682,0.0005660024120410484,0.0044409420021682,1,0.0610757371767935,0.0695755271557103,0.0606342078426166,0.9819096921382264,0.9241295535982516,20260920_revision_exact_v03,0.9819096921382264,0.9241295535982516,1.0,0.083132692734706,0.0239375481646283,0.0106190760228316,0.9819096921382264,0.9241295535982516,1.0,1.0,293534.95183232264,4086644.958564298,"{""type"":""MultiPoint"",""coordinates"":[]}"
0000000000000000046b,0000000000000000046b,0.0,90000.0,90000.0,0.0,1200.0,1200.0,0.0208293355197739,0.0305156743366536,0.0208293355197739,0.0305156743366536,1.0,0.9,8.0,0,1,1,0.1,0.0155696666259616,0.0428056800935052,0.0155696666259616,0.0428056800935052,0.0272360134675435,0.0428056800935052,293_4086,195_2724,146_2043,489_6811,0.0852799050991748,0.0852799050991748,SCL_2_4_5_6,1.0,1.0,1.0,UU,1,1,0.0,0.0,0.0,0.0,0.0144531863300943,0.0,0.0144531863300943,0.0,1,0.06332206760861,0.0653878564132906,0.0712892051052805,0.94914781152417,0.926678645569841,20260920_revision_exact_v03,0.94914781152417,0.926678645569841,1.0,0.1047398077560489,0.0341398740470666,0.0174755333810163,0.94914781152417,0.926678645569841,1.0,1.0,293835.01566265494,4086945.023721622,"{""type"":""MultiPoint"",""coordinates"":[]}"
0000000000000000046c,0000000000000000046c,0.0,90000.0,90000.0,0.0,1200.0,1200.0,0.0022204903365131,0.0161225014041336,0.0022204903365131,0.0161225014041336,1.0,0.9,8.0,0,1,1,0.1,0.0271901218657343,0.0749219562955255,0.0271901218657343,0.0749219562955255,0.0477318344297911,0.0749219562955255,294_4086,196_2724,147_2043,490_6811,0.0938222475716108,0.0938222475716108,SCL_2_4_5_6,1.0,1.0,1.0,UU,1,1,0.0,0.0,0.0,0.0,0.0044583962835087,0.0094349069788705,0.0044583962835087,0.0094349069788705,1,0.0622650612402984,0.0651004661135642,0.0715959949864811,0.9661309915142436,0.8995206353214704,20260920_revision_exact_v03,0.9661309915142436,0.8995206353214704,1.0,0.1019422759590559,0.0405783724241223,0.0278040221352409,0.9661309915142436,0.8995206353214704,1.0,1.0,294135.08171080984,4086945.019963632,"{""type"":""MultiPoint"",""coordinates"":[]}"
0000000000000000046d,0000000000000000046d,0.0,90000.0,90000.0,0.0,1200.0,1200.0,0.0166861469218289,0.023882211328786,0.0166861469218289,0.023882211328786,1.0,0.9,8.0,0,1,1,0.1,0.016668701917206,0.0444760392861504,0.016668701917206,0.0444760392861504,0.0278073373689444,0.0444760392861504,294_4086,196_2724,147_2043,490_6811,0.0717076915025382,0.0717076915025382,SCL_2_4_5_6,1.0,1.0,1.0,UU,1,1,0.0011121190447115,0.002224238089423,0.0011121190447115,0.002224238089423,0.0116489018369589,0.0,0.0116489018369589,0.0,1,0.0665715114128044,0.0643941308113413,0.0784122765229488,0.9538841302792946,0.9294175112956408,20260920_revision_exact_v03,0.9538841302792946,0.9294175112956408,1.0,0.1414310137292185,0.0522216213387296,0.0322034785339217,0.9538841302792946,0.9294175112956408,1.0,1.0,294435.14685534814,4086945.0215601833,"{""type"":""MultiPoint"",""coordinates"":[]}"
0000000000000000046e,0000000000000000046e,0.0,90000.0,90000.0,0.0,1200.0,1200.0,0.1172853772659285,0.0833765769380039,0.1172853772659285,0.0833765769380039,1.0,0.9,8.0,0,1,1,0.1,0.0094365540007238,0.0322299309701248,0.0094365540007238,0.0322299309701248,0.0227933769694009,0.0322299309701248,294_4086,196_2724,147_2043,491_6811,0.0961054591598675,0.0961054591598675,SCL_2_4_5_6,1.0,1.0,1.0,UU,1,1,0.0,0.0,0.0,0.0,0.003885383370908,0.0033359352174462,0.003885383370908,0.0033359352174462,1,0.0749107609635057,0.0883341804943893,0.0980686029473968,0.8693926853624395,0.881057556874425,20260920_revision_exact_v03,0.8693926853624395,0.881057556874425,1.0,0.2300312662163517,0.0905760920282049,0.0555509525948342,0.8693926853624395,0.881057556874425,1.0,1.0,294734.96350772865,4086945.022233534,"{""type"":""MultiPoint"",""coordinates"":[]}"
000000000000000004a4,000000000000000004a4,0.0,90000.0,90000.0,0.0,1200.0,1200.0,0.0116532630881147,0.0510571672801493,0.0116532630881147,0.0510571672801493,1.0,0.9,8.0,1,1,1,0.1,0.0172356645674511,0.02167105699283,0.0172356645674511,0.02167105699283,0.0044353924253789,0.02167105699283,290_4087,193_2724,145_2043,484_6812,0.0899682500915862,0.0899682500915862,SCL_2_4_5_6,1.0,1.0,1.0,UU,1,1,0.0,0.0033363571341346,0.0,0.0033363571341346,0.002760671981578,0.0011121190447115,0.002760671981578,0.0011121190447115,1,0.0551816288505208,0.0502052149842881,0.0641987965977879,0.968350400362856,0.9228232995481744,20260920_revision_exact_v03,0.968350400362856,0.9228232995481744,1.0,0.0649695584669329,0.0305767318528339,0.0194599026568741,0.968350400362856,0.9228232995481744,1.0,1.0,290535.05060063256,4087245.086313822,"{""type"":""MultiPoint"",""coordinates"":[]}"
000000000000000004ae,000000000000000004ae,0.0,90000.0,90000.0,0.0,1200.0,1200.0,0.0230362981700706,0.0460682424754333,0.0230362981700706,0.0460682424754333,1.0,0.9,8.0,0,1,1,0.1,0.0122125905059626,0.0377567147478459,0.0122125905059626,0.0377567147478459,0.0255441242418833,0.0377567147478459,293_4087,195_2724,146_2043,489_6812,0.0946878496697594,0.0946878496697594,SCL_2_4_5_6,1.0,1.0,1.0,UU,1,1,0.0,0.001110235500542,0.0,0.001110235500542,0.0055903622850823,0.0033307065016261,0.0055903622850823,0.0033307065016261,1,0.060815789997815,0.068051507897256,0.066652504604212,0.9591607490388844,0.9117341007745524,20260920_revision_exact_v03,0.9591607490388844,0.9117341007745524,1.0,0.1108406877364693,0.0464078439226579,0.0197665457743566,0.9591607490388844,0.9117341007745524,1.0,1.0,293534.9524308236,4087245.090239986,"{""type"":""MultiPoint"",""coordinates"":[]}"
000000000000000004b2,000000000000000004b2,0.0,90000.0,90000.0,0.0,1200.0,1200.0,0.0778036028100348,0.0416882884690019,0.0778036028100348,0.0416882884690019,1.0,0.9,8.0,0,1,1,0.1,0.0022239568116308,0.0239009946755857,0.0022239568116308,0.0239009946755857,0.0216770378639548,0.0239009946755857,294_4087,196_2724,147_2043,491_6812,0.0850161999991278,0.0850161999991278,SCL_2_4_5_6,1.0,1.0,1.0,UU,1,1,0.0216770378639548,0.0511248424697258,0.0216770378639548,0.0511248424697258,0.0083332969941697,0.0,0.0083332969941697,0.0,1,0.0718779278113148,0.0636099985019513,0.0898131878414972,0.8899621055202097,0.8832858743856865,20260920_revision_exact_v03,0.8899621055202097,0.8832858743856865,1.0,0.2034309984693943,0.0800450024201882,0.0366952873919091,0.8899621055202097,0.8832858743856865,1.0,1.0,294734.96372201125,4087245.0888285786,"{""type"":""MultiPoint"",""coordinates"":[]}"
000000000000000004d1,000000000000000004d1,0.0,90000.0,90000.0,0.0,1200.0,1200.0,0.0,0.0069627694317439,0.0,0.0069627694317439,1.0,0.9,8.0,0,0,0,0.1,0.0033311561071195,0.0044415414761593,0.0033311561071195,0.0044415414761593,0.0011103853690398,0.0044415414761593,304_4087,202_2724,152_2043,506_6812,0.0502939255388635,0.0502939255388635,SCL_2_4_5_6,1.0,1.0,1.0,UU,1,1,0.0,0.0,0.0,0.0,0.0277683431308513,0.0244415414761593,0.0277683431308513,0.0244415414761593,1,0.080515642889272,0.0560824769098086,0.1976079478445464,0.9689005007620292,0.9641541476159372,20260920_revision_exact_v03,0.9689005007620292,0.9641541476159372,1.0,0.5196037448290879,0.2969780100152406,0.2158893969083388,0.9689005007620292,0.9641541476159372,1.0,1.0,304034.9796538101,4087245.088334608,"{""type"":""MultiPoint"",""coordinates"":[]}"
000000000000000004d7,000000000000000004d7,0.0,90000.0,90000.0,0.0,1200.0,1200.0,0.0127655313238796,0.0138975361479617,0.0127655313238796,0.0138975361479617,1.0,0.9,8.0,0,0,0,0.1,0.0212555675044953,0.0067267209738724,0.0212555675044953,0.0067267209738724,-0.0145288465306229,0.0212555675044953,285_4087,190_2725,142_2043,475_6812,0.0212076749927072,0.0212076749927072,SCL_2_4_5_6,1.0,1.0,1.0,FF,2,2,0.9659789011716252,0.979375742878166,0.9659789011716252,0.979375742878166,0.0,0.0,0.0,0.0,1,0.0651183744960963,0.0576130139783923,0.0198394922283514,0.9659789011716252,0.979375742878166,20260920_revision_exact_v03,0.0,0.0,1.0,0.0083245893217114,0.0,0.0,0.0,0.0,1.0,1.0,285434.9441558185,4087545.149817016,"{""type"":""MultiPoint"",""coordinates"":[]}"
000000000000000004f3,000000000000000004f3,0.0,90000.0,90000.0,0.0,1200.0,1200.0,0.002224238089423,0.0208467805243968,0.002224238089423,0.0208467805243968,1.0,0.9,8.0,1,1,1,0.1,0.0033363571341346,0.0360893533136785,0.0033363571341346,0.0360893533136785,0.0327529961795439,0.0360893533136785,293_4087,195_2725,146_2043,489_6812,0.0969593356942238,0.0969593356942238,SCL_2_4_5_6,1.0,1.0,1.0,UU,1,1,0.0,0.0111211904471154,0.0,0.0111211904471154,0.016114823020428,0.0239083788357203,0.016114823020428,0.0239083788357203,1,0.0592887360305236,0.067758492672437,0.0668891854120509,0.9783245817560142,0.9080342968790884,20260920_revision_exact_v03,0.9783245817560142,0.9080342968790884,1.0,0.0744640022329605,0.0322252847897004,0.0116619855904261,0.9783245817560142,0.9080342968790884,1.0,1.0,293835.0174487109,4087545.15356378,"{""type"":""MultiPoint"",""coordinates"":[]}"
000000000000000004f4,000000000000000004f4,0.0,90000.0,90000.0,0.0,1200.0,1200.0,0.0022204903365131,0.0191528176280809,0.0022204903365131,0.0191528176280809,1.0,0.9,8.0,1,1,1,0.1,0.0016893142167982,0.047801496871721,0.0016893142167982,0.047801496871721,0.0461121826549227,0.047801496871721,294_4087,196_2725,147_2043,490_6812,0.075818860235372,0.075818860235372,SCL_2_4_5_6,1.0,1.0,1.0,UU,1,1,0.0,0.0,0.0,0.0,0.0027821437745723,0.0055512258412828,0.0027821437745723,0.0055512258412828,1,0.0569242459818135,0.0674438867528341,0.0593077102347189,0.9933080516721164,0.9274944596589152,20260920_revision_exact_v03,0.9933080516721164,0.9274944596589152,1.0,0.0727885440114246,0.0255617622856247,0.0144549567004384,0.9933080516721164,0.9274944596589152,1.0,1.0,294135.08252434933,4087545.152299524,"{""type"":""MultiPoint"",""coordinates"":[]}"
000000000000000004fb,000000000000000004fb,0.0,90000.0,90000.0,0.0,1200.0,1200.0,0.0528124332267868,0.0405414244661413,0.0528124332267868,0.0405414244661413,1.0,0.9,8.0,0,1,1,0.1,0.0300103348581246,0.0350251394333706,0.0300103348581246,0.0350251394333706,0.005014804575246,0.0350251394333706,296_4087,197_2725,148_2043,493_6812,0.0916749883351284,0.0916749883351284,SCL_2_4_5_6,1.0,1.0,1.0,UU,1,1,0.0,0.0022239568116308,0.0,0.0022239568116308,0.0,0.0055598920290771,0.0,0.0055598920290771,1,0.0701379467449788,0.0808994844792572,0.0795232604776709,0.9171772319150884,0.91664958725978,20260920_revision_exact_v03,0.9171772319150884,0.91664958725978,1.0,0.1302933442641536,0.0672550704034955,0.0411432010151708,0.9171772319150884,0.91664958725978,1.0,1.0,296235.0366642379,4087545.153704573,"{""type"":""MultiPoint"",""coordinates"":[]}"
00000000000000000515,00000000000000000515,0.0,90000.0,90000.0,0.0,1200.0,1200.0,0.0,0.0,0.0,0.0,1.0,0.9,8.0,1,1,1,0.1,0.0,0.0033309965557931,0.0,0.0033309965557931,0.0033309965557931,0.0033309965557931,304_4087,202_2725,152_2043,506_6812,0.0205476767931864,0.0205476767931864,SCL_2_4_5_6,1.0,1.0,1.0,UU,1,1,0.0,0.0,0.0,0.0,0.0161194107837203,0.0111076760965074,0.0161194107837203,0.0111076760965074,1,0.0309212619587363,0.0163730312143181,0.0640402795097992,0.9838805892162796,0.9855613273476996,20260920_revision_exact_v03,0.9838805892162796,0.9855613273476996,1.0,0.0055516609263218,0.0033309965557931,0.0011103321852643,0.9838805892162796,0.9855613273476996,1.0,1.0,304034.9813757702,4087545.1553938673,"{""type"":""MultiPoint"",""coordinates"":[]}"
00000000000000000524,00000000000000000524,0.0,90000.0,90000.0,0.0,1200.0,1200.0,0.0378120475201925,0.039478045461682,0.0378120475201925,0.039478045461682,1.0,0.9,8.0,0,0,0,0.1,0.001932034261989,0.0100090714024039,0.001932034261989,0.0100090714024039,0.0080770371404148,0.0100090714024039,288_4087,192_2725,144_2043,480_6813,0.0536433892154981,0.0536433892154981,SCL_2_4_5_6,1.0,1.0,1.0,FF,2,2,0.9574778012316172,0.9410620518814437,0.9574778012316172,0.9410620518814437,0.0,0.0,0.0,0.0,1,0.0902582224024853,0.1758738733466605,0.060339391125726,0.9574778012316172,0.9410620518814437,20260920_revision_exact_v03,0.0027781169862009,0.0094508312544702,1.0,0.4143188597944976,0.2954311532892554,0.2170681925230709,0.0027781169862009,0.0094508312544702,1.0,1.0,288135.0300287467,4087844.9693724914,"{""type"":""MultiPoint"",""coordinates"":[]}"
00000000000000000525,00000000000000000525,0.0,90000.0,90000.0,0.0,1200.0,1200.0,0.0097919269937608,0.0044366267704056,0.0097919269937608,0.0044366267704056,1.0,0.9,8.0,0,0,0,0.1,0.003056439639671,0.0016588368984539,0.003056439639671,0.0016588368984539,-0.001397602741217,0.003056439639671,288_4087,192_2725,144_2043,480_6813,0.0117598909782783,0.0117598909782783,SCL_2_4_5_6,1.0,1.0,1.0,FF,2,2,0.984356427884134,0.992794291162884,0.984356427884134,0.992794291162884,0.0,0.0,0.0,0.0,1,0.0842141958254591,0.1573653514406457,0.0484454884926353,0.984356427884134,0.992794291162884,20260920_revision_exact_v03,0.0027952054824341,0.0011102451682565,1.0,0.3912765207093379,0.2446066031287145,0.1612903225806451,0.0027952054824341,0.0011102451682565,1.0,1.0,288435.09400367155,4087844.968850794,"{""type"":""MultiPoint"",""coordinates"":[]}"
00000000000000000535,00000000000000000535,0.0,90000.0,90000.0,0.0,1200.0,1200.0,0.0027561063891953,0.0058305605100541,0.0027561063891953,0.0058305605100541,1.0,0.9,8.0,1,1,1,0.1,0.0166500224587783,0.0394663968705981,0.0166500224587783,0.0394663968705981,0.0228163744118198,0.0394663968705981,293_4087,195_2725,146_2043,488_6813,0.0602549398410005,0.0602549398410005,SCL_2_4_5_6,1.0,1.0,1.0,UU,1,1,0.0,0.000553837834537676,0.0,0.000553837834537676,0.0038899476252567,0.0066722195814381,0.0038899476252567,0.0066722195814381,1,0.0612296301719581,0.0597740026319219,0.0672887273918597,0.9767039235267696,0.947476985203372,20260920_revision_exact_v03,0.9767039235267696,0.947476985203372,1.0,0.0853041093022951,0.0369588633677701,0.0222407319381271,0.9767039235267696,0.947476985203372,1.0,1.0,293234.8892948396,4087844.968135716,"{""type"":""MultiPoint"",""coordinates"":[]}"
00000000000000000537,00000000000000000537,0.0,90000.0,90000.0,0.0,1200.0,1200.0,0.0027650332327338,0.0169260157353941,0.0027650332327338,0.0169260157353941,1.0,0.9,8.0,1,1,1,0.1,0.0083387122097587,0.0289107339113444,0.0083387122097587,0.0289107339113444,0.0205720217015857,0.0289107339113444,293_4087,195_2725,146_2043,489_6813,0.061410777523856,0.061410777523856,SCL_2_4_5_6,1.0,1.0,1.0,UU,1,1,0.0,0.0,0.0,0.0,0.010558589048026,0.0061144741203356,0.010558589048026,0.0061144741203356,1,0.0539298455686402,0.0668783266890262,0.0608419778535665,0.9783376655094812,0.9480487762329256,20260920_revision_exact_v03,0.9783376655094812,0.9480487762329256,1.0,0.0569492175915426,0.0177939047153847,0.012233309491827,0.9783376655094812,0.9480487762329256,1.0,1.0,293835.01655497827,4087844.969251283,"{""type"":""MultiPoint"",""coordinates"":[]}"
00000000000000000559,00000000000000000559,0.0,90000.0,90000.0,0.0,1200.0,1200.0,0.002220577350111,0.0,0.002220577350111,0.0,1.0,0.9,8.0,0,0,0,0.1,0.0114120259502764,0.0,0.0114120259502764,0.0,-0.0114120259502764,0.0114120259502764,304_4087,202_2725,152_2043,506_6813,0.0236252013758871,0.0236252013758871,SCL_2_4_5_6,1.0,1.0,1.0,UU,1,1,0.0,0.0,0.0,0.0,0.0122131754256106,0.0088823094004441,0.0122131754256106,0.0088823094004441,1,0.0433299260902258,0.0272441312939447,0.1756229072713024,0.974154221274002,0.991117690599556,20260920_revision_exact_v03,0.974154221274002,0.991117690599556,1.0,0.4174162929420474,0.2713458440370969,0.115805285844908,0.974154221274002,0.991117690599556,1.0,1.0,304034.981257388,4087844.9701351128,"{""type"":""MultiPoint"",""coordinates"":[]}"
00000000000000000568,00000000000000000568,0.0,90000.0,90000.0,0.0,1200.0,1200.0,0.0,0.0,0.0,0.0,1.0,0.9,8.0,0,0,0,0.1,0.0008315990212384299,0.0,0.0008315990212384299,0.0,-0.0008315990212384299,0.0008315990212384299,288_4088,192_2725,144_2044,480_6813,0.0008315990212384299,0.0008315990212384299,SCL_2_4_5_6,1.0,1.0,1.0,FF,2,2,0.9991684009787616,1.0,0.9991684009787616,1.0,0.0,0.0,0.0,0.0,1,0.0731515221027355,0.1018806758063155,0.0315191300276909,0.9991684009787616,1.0,20260920_revision_exact_v03,0.0,0.0,1.0,0.135285051245657,0.081679568787607,0.049477964802898,0.0,0.0,1.0,1.0,288435.0943749071,4088145.033581007,"{""type"":""MultiPoint"",""coordinates"":[]}"
00000000000000000579,00000000000000000579,0.0,90000.0,90000.0,0.0,1200.0,1200.0,0.0239027172469642,0.0433078922505562,0.0239027172469642,0.0433078922505562,1.0,0.9,8.0,1,1,1,0.1,0.0138757668244217,0.0244556580648813,0.0138757668244217,0.0244556580648813,0.0105798912404596,0.0244556580648813,293_4088,195_2725,146_2044,489_6813,0.0933512132044009,0.0933512132044009,SCL_2_4_5_6,1.0,1.0,1.0,UU,1,1,0.0,0.0066614130032523,0.0,0.0066614130032523,0.0127873006474196,0.0066788284620843,0.0127873006474196,0.0066788284620843,1,0.0590461704879344,0.0676713884244509,0.06797101335548,0.9494342152811944,0.9188962082192258,20260920_revision_exact_v03,0.9494342152811944,0.9188962082192258,1.0,0.0889581637140208,0.0236197160409437,0.0155520047370048,0.9494342152811944,0.9188962082192258,1.0,1.0,293534.9521247628,4088145.035675985,"{""type"":""MultiPoint"",""coordinates"":[]}"
000000000000000005a3,000000000000000005a3,0.0,90000.0,90000.0,0.0,1200.0,1200.0,0.0321739433794414,0.0124457081058452,0.0321739433794414,0.0124457081058452,1.0,0.9,8.0,0,0,0,0.1,0.011926773535209,0.0033011215963997,0.011926773535209,0.0033011215963997,-0.0086256519388093,0.011926773535209,286_4088,191_2725,143_2044,477_6814,0.029164995028694,0.029164995028694,SCL_2_4_5_6,1.0,1.0,1.0,FF,2,2,0.9558992830853494,0.9842531702977548,0.9558992830853494,0.9842531702977548,0.0,0.0,0.0,0.0,1,0.0626794598224418,0.0501377913652451,0.0149761306167035,0.9558992830853494,0.9842531702977548,20260920_revision_exact_v03,0.0,0.0,1.0,0.0,0.0,0.0,0.0,0.0,1.0,1.0,286634.9558575192,4088445.097630976,"{""type"":""MultiPoint"",""coordinates"":[]}"
000000000000000005a4,000000000000000005a4,0.0,90000.0,90000.0,0.0,1200.0,1200.0,0.0977683917180118,0.0641832313687923,0.0977683917180118,0.0641832313687923,1.0,0.9,8.0,0,0,0,0.1,0.0125057150943807,0.0089351418431995,0.0125057150943807,0.0089351418431995,-0.0035705732511811,0.0125057150943807,286_4088,191_2725,143_2044,478_6814,0.0542248154840957,0.0542248154840957,SCL_2_4_5_6,1.0,1.0,1.0,FF,2,2,0.8869521673815072,0.9263286233698376,0.8869521673815072,0.9263286233698376,0.0,0.0,0.0,0.0,1,0.0603506719729767,0.0556796338297826,0.020035248106943,0.8869521673815072,0.9263286233698376,20260920_revision_exact_v03,0.0027737258061004,0.0005530034181707347,1.0,0.0055518059698243,0.0022207223879297,0.0011103611939648,0.0027737258061004,0.0005530034181707347,1.0,1.0,286935.0191709242,4088445.099506435,"{""type"":""MultiPoint"",""coordinates"":[]}"
000000000000000005a6,000000000000000005a6,0.0,90000.0,90000.0,0.0,1200.0,1200.0,0.0130532247091045,0.0069431118399246,0.0130532247091045,0.0069431118399246,1.0,0.9,8.0,0,0,0,0.1,0.0033363571341346,0.0011121190447115,0.0033363571341346,0.0011121190447115,-0.002224238089423,0.0033363571341346,287_4088,191_2725,143_2044,479_6814,0.0277898923643214,0.0277898923643214,SCL_2_4_5_6,1.0,1.0,1.0,FF,2,2,0.8918715000959475,0.912434799295222,0.8918715000959475,0.912434799295222,0.0,0.0,0.0,0.0,1,0.0700285331092765,0.0616977448102851,0.0198557014614552,0.8918715000959475,0.912434799295222,20260920_revision_exact_v03,0.0917389180608132,0.0795099698201419,1.0,0.0083387122097587,0.0,0.0,0.0917389180608132,0.0795099698201419,1.0,1.0,287534.9011727517,4088445.0991187305,"{""type"":""MultiPoint"",""coordinates"":[]}"
000000000000000005a7,000000000000000005a7,0.0,90000.0,90000.0,0.0,1200.0,1200.0,0.0077672946390863,0.0,0.0077672946390863,0.0,1.0,0.9,8.0,0,0,0,0.1,0.0,0.0,0.0,0.0,0.0,0.0,287_4088,191_2725,143_2044,479_6814,0.0077672946390863,0.0077672946390863,SCL_2_4_5_6,1.0,1.0,1.0,FF,2,2,0.9922327053609136,1.0,0.9922327053609136,1.0,0.0,0.0,0.0,0.0,1,0.0692379585249583,0.0597995085152508,0.0122495906365785,0.9922327053609136,1.0,20260920_revision_exact_v03,0.0,0.0,1.0,0.0083245893217114,0.0022204710010841,0.001110235500542,0.0,0.0,1.0,1.0,287834.96613447217,4088445.098658019,"{""type"":""MultiPoint"",""coordinates"":[]}"
000000000000000005a8,000000000000000005a8,0.0,90000.0,90000.0,0.0,1200.0,1200.0,0.0444802065479539,0.0183477035932191,0.0444802065479539,0.0183477035932191,1.0,0.9,8.0,0,0,0,0.1,0.0055605709725111,0.0066726851670133,0.0055605709725111,0.0066726851670133,0.0011121141945022,0.0066726851670133,288_4088,192_2725,144_2044,480_6814,0.0428098546401329,0.0428098546401329,SCL_2_4_5_6,1.0,1.0,1.0,FF,2,2,0.9499592224795348,0.9738674970452652,0.9499592224795348,0.9738674970452652,0.0,0.0,0.0,0.0,1,0.0742315340824813,0.0877042472272055,0.0286487326193996,0.9499592224795348,0.9738674970452652,20260920_revision_exact_v03,0.0,0.0011121141945022,1.0,0.114739656247683,0.0538830230316668,0.0327528533361245,0.0,0.0011121141945022,1.0,1.0,288135.0297317407,4088445.097235405,"{""type"":""MultiPoint"",""coordinates"":[]}"
000000000000000005a9,000000000000000005a9,0.0,90000.0,90000.0,0.0,1200.0,1200.0,0.0244255000478931,0.0277518961328468,0.0244255000478931,0.0277518961328468,1.0,0.9,8.0,0,0,0,0.1,0.0187479863112705,0.024900077499804,0.0187479863112705,0.024900077499804,0.0061520911885335,0.024900077499804,288_4088,192_2725,144_2044,480_6814,0.0505577373540348,0.0505577373540348,SCL_2_4_5_6,1.0,1.0,1.0,FF,2,2,0.9088854831546777,0.9111103370806088,0.9088854831546777,0.9111103370806088,0.0,0.0,0.0,0.0,1,0.0798378372039716,0.0847948892978643,0.0235104010549552,0.9088854831546777,0.9111103370806088,20260920_revision_exact_v03,0.0479410304861589,0.0362376892867406,1.0,0.0924598786126664,0.0316704255522949,0.0166842274836945,0.0479410304861589,0.0362376892867406,1.0,1.0,288435.094915502,4088445.097874347,"{""type"":""MultiPoint"",""coordinates"":[]}"
000000000000000005ac,000000000000000005ac,0.0,90000.0,90000.0,0.0,1200.0,1200.0,0.0067049516503324,0.0127785929180036,0.0067049516503324,0.0127785929180036,1.0,0.9,8.0,0,1,1,0.1,0.0133445953300447,0.039454721983969,0.0133445953300447,0.039454721983969,0.0261101266539243,0.039454721983969,289_4088,192_2725,144_2044,482_6814,0.0661613281028905,0.0661613281028905,SCL_2_4_5_6,1.0,1.0,1.0,UU,1,1,0.0,0.0,0.0,0.0,0.0066570591385443,0.0033307065016261,0.0066570591385443,0.0033307065016261,1,0.0683809414905634,0.0466145483274586,0.1110438412580928,0.9732933938810786,0.9444359785964012,20260920_revision_exact_v03,0.9732933938810786,0.9444359785964012,1.0,0.1906557355636732,0.0959069317880016,0.0558687919331594,0.9732933938810786,0.9444359785964012,1.0,1.0,289335.0371440579,4088445.0997957634,"{""type"":""MultiPoint"",""coordinates"":[]}"
000000000000000005ae,000000000000000005ae,0.0,90000.0,90000.0,0.0,1200.0,1200.0,0.0102649974054063,0.0336076189479467,0.0102649974054063,0.0336076189479467,1.0,0.9,8.0,0,1,1,0.1,0.0110935231093261,0.009968472416635,0.0110935231093261,0.009968472416635,-0.001125050692691,0.0110935231093261,289_4088,193_2725,144_2044,483_6814,0.0594096536326491,0.0594096536326491,SCL_2_4_5_6,1.0,1.0,1.0,UU,1,1,0.0,0.0116560484556716,0.0,0.0116560484556716,0.0049842362083175,0.0,0.0049842362083175,0.0,1,0.064087850050502,0.0551578676936988,0.0766482190730977,0.97365724327695,0.9447678601797465,20260920_revision_exact_v03,0.97365724327695,0.9447678601797465,1.0,0.1283342708755772,0.054730663736302,0.0236086219001146,0.97365724327695,0.9447678601797465,1.0,1.0,289934.9191903508,4088445.097208524,"{""type"":""MultiPoint"",""coordinates"":[]}"
000000000000000005cc,000000000000000005cc,0.0,90000.0,90000.0,0.0,1200.0,1200.0,0.0098955494014261,0.0235068361717438,0.0098955494014261,0.0235068361717438,1.0,0.9,8.0,0,1,1,0.1,0.0500185350749034,0.0382563946008416,0.0500185350749034,0.0382563946008416,-0.0117621404740617,0.0500185350749034,298_4088,199_2725,149_2044,498_6814,0.0784142698270785,0.0784142698270785,SCL_2_4_5_6,1.0,1.0,1.0,UU,1,1,0.0033363134826315,0.0,0.0033363134826315,0.0,0.0033363134826315,0.002224208988421,0.0033363134826315,0.002224208988421,1,0.0798666999772454,0.0379013188986541,0.0782289966963954,0.9334132885584072,0.9360125602389932,20260920_revision_exact_v03,0.9334132885584072,0.9360125602389932,1.0,0.1663708323338929,0.0725179354107154,0.0458623171024226,0.9334132885584072,0.9360125602389932,1.0,1.0,298934.87528426,4088445.098043948,"{""type"":""MultiPoint"",""coordinates"":[]}"
000000000000000005e5,000000000000000005e5,0.0,90000.0,90000.0,0.0,1200.0,1200.0,0.0624970020451502,0.050867117559076,0.0624970020451502,0.050867117559076,1.0,0.9,8.0,0,0,0,0.1,0.0072212556089009,0.017220252656733,0.0072212556089009,0.017220252656733,0.009998997047832,0.017220252656733,287_4088,191_2725,143_2044,478_6814,0.0444264203764995,0.0444264203764995,SCL_2_4_5_6,1.0,1.0,1.0,FF,2,2,0.9302817423459488,0.9319126297841908,0.9302817423459488,0.9319126297841908,0.0,0.0,0.0,0.0,1,0.0718073594151926,0.0584459462287285,0.0213177888872899,0.9302817423459488,0.9319126297841908,20260920_revision_exact_v03,0.0,0.0,1.0,0.0044435141699698,0.0,0.0,0.0,0.0,1.0,1.0,287235.08342434105,4088744.913325972,"{""type"":""MultiPoint"",""coordinates"":[]}"
000000000000000005e7,000000000000000005e7,0.0,90000.0,90000.0,0.0,1200.0,1200.0,0.0505614308540976,0.0116770651468776,0.0505614308540976,0.0116770651468776,1.0,0.9,8.0,0,0,0,0.1,0.0317004889390067,0.0250390759357543,0.0317004889390067,0.0250390759357543,-0.0066614130032523,0.0317004889390067,287_4088,191_2725,143_2044,479_6814,0.077760023685024,0.077760023685024,SCL_2_4_5_6,1.0,1.0,1.0,FF,2,2,0.8893726516342231,0.9360068965216972,0.8893726516342231,0.9360068965216972,0.0,0.0,0.0,0.0,1,0.0784729284744706,0.0682172038699734,0.0225857218337607,0.8893726516342231,0.9360068965216972,20260920_revision_exact_v03,0.0283654285726725,0.0272769623956705,1.0,0.058894727905225,0.0244469503354652,0.0149990639190877,0.0283654285726725,0.0272769623956705,1.0,1.0,287834.9652405294,4088744.916696497,"{""type"":""MultiPoint"",""coordinates"":[]}"
000000000000000005ee,000000000000000005ee,0.0,90000.0,90000.0,0.0,1200.0,1200.0,0.0544864666867256,0.0416792035687654,0.0544864666867256,0.0416792035687654,1.0,0.9,8.0,0,1,1,0.1,0.0066718122473541,0.0133436244947083,0.0066718122473541,0.0133436244947083,0.0066718122473541,0.0133436244947083,289_4088,193_2725,144_2044,483_6814,0.0550228280634737,0.0550228280634737,SCL_2_4_5_6,1.0,1.0,1.0,UU,1,1,0.0,0.0189034680341701,0.0,0.0189034680341701,0.0022239374157847,0.0044478748315694,0.0022239374157847,0.0044478748315694,1,0.0613429448667024,0.0527442506505064,0.0748197535310457,0.9366177836501354,0.9216258290707866,20260920_revision_exact_v03,0.9366177836501354,0.9216258290707866,1.0,0.133026342756723,0.0477666871617761,0.0199718301260667,0.9366177836501354,0.9216258290707866,1.0,1.0,289934.9204357471,4088744.914393939,"{""type"":""MultiPoint"",""coordinates"":[]}"
0000000000000000060c,0000000000000000060c,0.0,90000.0,90000.0,0.0,1200.0,1200.0,0.013275474825007,0.0109029852373579,0.013275474825007,0.0109029852373579,1.0,0.9,8.0,1,1,1,0.1,0.0372271527944351,0.0415927080834732,0.0372271527944351,0.0415927080834732,0.0043655552890381,0.0415927080834732,298_4088,199_2725,149_2044,498_6814,0.0394644453651409,0.0394644453651409,SCL_2_4_5_6,1.0,1.0,1.0,UU,1,1,0.0033363134826315,0.0,0.0033363134826315,0.0,0.0011121044942105,0.0,0.0011121044942105,0.0,1,0.0664186832609416,0.0330553122584189,0.0730400101703045,0.9450489544037154,0.9475043066791684,20260920_revision_exact_v03,0.9450489544037154,0.9475043066791684,1.0,0.0778734817593056,0.0221243376436468,0.011587692710264,0.9450489544037154,0.9475043066791684,1.0,1.0,298934.8759095782,4088744.913670461,"{""type"":""MultiPoint"",""coordinates"":[]}"
0000000000000000062d,0000000000000000062d,0.0,90000.0,90000.0,0.0,1200.0,1200.0,0.0166751699567858,0.043336254976605,0.0166751699567858,0.043336254976605,1.0,0.9,8.0,0,0,1,0.1,0.0,0.0044478748315694,0.0,0.0044478748315694,0.0044478748315694,0.0044478748315694,289_4089,193_2726,144_2044,483_6815,0.0516171513542034,0.0516171513542034,SCL_2_4_5_6,1.0,1.0,1.0,UU,1,1,0.0,0.003335906123677,0.0,0.003335906123677,0.003335906123677,0.0038330215460289,0.003335906123677,0.0038330215460289,1,0.0732672483990095,0.0491393322506854,0.1030403140025204,0.9799889239195372,0.9450469425221196,20260920_revision_exact_v03,0.9799889239195372,0.9450469425221196,1.0,0.2147756657640096,0.1203150141939534,0.0842043754878489,0.9799889239195372,0.9450469425221196,1.0,1.0,289934.92131234845,4089044.98030659,"{""type"":""MultiPoint"",""coordinates"":[]}"
0000000000000000065e,0000000000000000065e,0.0,90000.0,90000.0,0.0,1200.0,1200.0,0.0215838319697154,0.0118887706505242,0.0215838319697154,0.0118887706505242,1.0,0.9,8.0,0,0,0,0.1,0.0002660363204996248,0.0228049822933202,0.0002660363204996248,0.0228049822933202,0.0225389459728206,0.0228049822933202,304_4089,203_2726,152_2044,507_6815,0.0372232786141688,0.0372232786141688,SCL_2_4_5_6,1.0,1.0,1.0,FF,2,2,0.9781501317097848,0.959497060516721,0.9781501317097848,0.959497060516721,0.0,0.00027912007396681943,0.0,0.00027912007396681943,1,0.1008549369167746,0.1583673953287995,0.0322295600435253,0.9781501317097848,0.959497060516721,20260920_revision_exact_v03,0.0,0.0055300664654676,1.0,0.2424681192540514,0.110815030615983,0.0825192331175966,0.0,0.0055300664654676,1.0,1.0,304634.86369359423,4089044.979222061,"{""type"":""MultiPoint"",""coordinates"":[]}"
00000000000000000662,00000000000000000662,0.0,90000.0,90000.0,0.0,1200.0,1200.0,0.0150050365641475,0.0066674515857545,0.0150050365641475,0.0066674515857545,1.0,0.9,8.0,0,0,0,0.1,0.04669396440828,0.0222350134962476,0.04669396440828,0.0222350134962476,-0.0244589509120323,0.04669396440828,287_4089,191_2726,143_2044,478_6815,0.057251126140858,0.057251126140858,SCL_2_4_5_6,1.0,1.0,1.0,FF,2,2,0.901074030951976,0.940538018428156,0.901074030951976,0.940538018428156,0.0,0.0,0.0,0.0,1,0.057077203477467,0.0506902649011764,0.0202633352193194,0.901074030951976,0.940538018428156,20260920_revision_exact_v03,0.0372269680755964,0.0305595164898418,1.0,0.0,0.0,0.0,0.0372269680755964,0.0305595164898418,1.0,1.0,287235.0826540046,4089345.045039994,"{""type"":""MultiPoint"",""coordinates"":[]}"
00000000000000000663,00000000000000000663,0.0,90000.0,90000.0,0.0,1200.0,1200.0,0.0221900458803621,0.0216579732393628,0.0221900458803621,0.0216579732393628,1.0,0.9,8.0,0,0,0,0.1,0.0349467055108769,0.0259799731346928,0.0349467055108769,0.0259799731346928,-0.008966732376184,0.0349467055108769,287_4089,191_2726,143_2044,479_6815,0.0409870383615651,0.0409870383615651,SCL_2_4_5_6,1.0,1.0,1.0,FF,2,2,0.8989585332240112,0.9201280463339322,0.8989585332240112,0.9201280463339322,0.0,0.0,0.0,0.0,1,0.0559589347878724,0.0632423145869939,0.0228349665012298,0.8989585332240112,0.9201280463339322,20260920_revision_exact_v03,0.0439047153847495,0.0322340072920119,1.0,0.0046665387366327,0.0011121190447115,0.0,0.0439047153847495,0.0322340072920119,1.0,1.0,287534.9010000072,4089345.044494125,"{""type"":""MultiPoint"",""coordinates"":[]}"
000000000000000006aa,000000000000000006aa,0.0,90000.0,90000.0,0.0,1200.0,1200.0,0.0194555414057184,0.024401200216318,0.0194555414057184,0.024401200216318,1.0,0.9,8.0,0,0,0,0.1,0.0111168291959597,0.0166817856706732,0.0111168291959597,0.0166817856706732,0.0055649564747134,0.0166817856706732,290_4089,193_2726,145_2044,484_6816,0.0349641505154998,0.0349641505154998,SCL_2_4_5_6,1.0,1.0,1.0,FF,2,2,0.8688266489890619,0.8699344067826178,0.8688266489890619,0.8699344067826178,0.0011121190447115,0.002224238089423,0.0011121190447115,0.002224238089423,1,0.0605070477100421,0.115526552747864,0.0223742849881373,0.8688266489890619,0.8699344067826178,20260920_revision_exact_v03,0.0994888613645482,0.0867583692409678,1.0,0.0660685937581773,0.0094333862498473,0.0016485529368665,0.0994888613645482,0.0867583692409678,1.0,1.0,290535.0501325752,4089644.858763176,"{""type"":""MultiPoint"",""coordinates"":[]}"
000000000000000006ad,000000000000000006ad,0.0,90000.0,90000.0,0.0,1200.0,1200.0,0.027746889758114,0.0236129825617142,0.027746889758114,0.0236129825617142,1.0,0.9,8.0,0,0,0,0.1,0.0593834896630516,0.067158549295099,0.0593834896630516,0.067158549295099,0.0077750596320473,0.067158549295099,291_4089,194_2726,145_2044,485_6816,0.0836113255103064,0.0836113255103064,SCL_2_4_5_6,1.0,1.0,1.0,FF,2,2,0.912869620578834,0.9025697378806312,0.912869620578834,0.9025697378806312,0.0,0.0,0.0,0.0,1,0.0717816917588072,0.0828885402907097,0.0239479591100761,0.912869620578834,0.9025697378806312,20260920_revision_exact_v03,0.0,0.0066587302625554,1.0,0.0396863812177583,0.0199631088028675,0.0122054918172185,0.0,0.0066587302625554,1.0,1.0,291434.9972657905,4089644.859494724,"{""type"":""MultiPoint"",""coordinates"":[]}"
000000000000000006bb,000000000000000006bb,0.0,90000.0,90000.0,0.0,1200.0,1200.0,0.002224238089423,0.0087748373253318,0.002224238089423,0.0087748373253318,1.0,0.9,8.0,1,1,1,0.1,0.0394039041920346,0.0600151771540219,0.0394039041920346,0.0600151771540219,0.0206112729619873,0.0600151771540219,295_4089,197_2726,147_2044,492_6816,0.0715899377213334,0.0715899377213334,SCL_2_4_5_6,1.0,1.0,1.0,UU,1,1,0.0,0.0,0.0,0.0,0.0,0.0,0.0,0.0,1,0.056041791774653,0.06364364681486,0.0651352956688415,0.9583718577185424,0.9312099855206462,20260920_revision_exact_v03,0.9583718577185424,0.9312099855206462,1.0,0.0433072239764143,0.0155173316120928,0.0038684297751338,0.9583718577185424,0.9312099855206462,1.0,1.0,295634.9079022333,4089644.861201425,"{""type"":""MultiPoint"",""coordinates"":[]}"
000000000000000006e6,000000000000000006e6,0.0,90000.0,90000.0,0.0,1200.0,1200.0,0.0127612885810196,0.0066571171069187,0.0127612885810196,0.0066571171069187,1.0,0.9,8.0,0,0,1,0.1,0.0077717161777959,0.0205547742719186,0.0077717161777959,0.0205547742719186,0.0127830580941226,0.0205547742719186,290_4089,193_2726,145_2044,483_6816,0.0322101715873023,0.0322101715873023,SCL_2_4_5_6,1.0,1.0,1.0,UU,1,1,0.0,0.0,0.0,0.0,0.0066614710095394,0.0,0.0066614710095394,0.0,1,0.073073500091943,0.0472133940845636,0.1132732547490193,0.972805524231645,0.9727881086211626,20260920_revision_exact_v03,0.972805524231645,0.9727881086211626,1.0,0.2027612450419934,0.1165670348616983,0.0738291267377514,0.972805524231645,0.9727881086211626,1.0,1.0,290234.9882512881,4089944.925195335,"{""type"":""MultiPoint"",""coordinates"":[]}"
000000000000000006e7,000000000000000006e7,0.0,90000.0,90000.0,0.0,1200.0,1200.0,0.0339130889869685,0.0339130889869685,0.0339130889869685,0.0339130889869685,1.0,0.9,8.0,0,1,1,0.1,0.0033319958829789,0.0183434223610069,0.0033319958829789,0.0183434223610069,0.015011426478028,0.0183434223610069,290_4089,193_2726,145_2044,484_6816,0.0428013188423494,0.0428013188423494,SCL_2_4_5_6,1.0,1.0,1.0,UU,1,1,0.0880492995830643,0.0936055335554663,0.0880492995830643,0.0936055335554663,0.0055605952235577,0.0,0.0055605952235577,0.0,1,0.0582904367888774,0.054352484510975,0.0761218312915409,0.8691450203234303,0.8541379550965581,20260920_revision_exact_v03,0.8691450203234303,0.8541379550965581,1.0,0.1216614622402874,0.0444716780349946,0.018892940006629,0.8691450203234303,0.8541379550965581,1.0,1.0,290535.05208608165,4089944.9243447552,"{""type"":""MultiPoint"",""coordinates"":[]}"
000000000000000006f8,000000000000000006f8,0.0,90000.0,90000.0,0.0,1200.0,1200.0,0.0077848333129808,0.0144575475812501,0.0077848333129808,0.0144575475812501,1.0,0.9,8.0,1,1,1,0.1,0.031662683390611,0.0536390279643423,0.031662683390611,0.0536390279643423,0.0219763445737313,0.0536390279643423,295_4089,197_2726,147_2044,492_6816,0.0786377195889956,0.0786377195889956,SCL_2_4_5_6,1.0,1.0,1.0,UU,1,1,0.0,0.0,0.0,0.0,0.0,0.0011121190447115,0.0,0.0011121190447115,1,0.0569279226572663,0.0641459696457434,0.0628256573604834,0.960552483296408,0.930791305409696,20260920_revision_exact_v03,0.960552483296408,0.930791305409696,1.0,0.0574900127348533,0.014165343753816,0.0105629502991818,0.960552483296408,0.930791305409696,1.0,1.0,295634.9090373492,4089944.926146878,"{""type"":""MultiPoint"",""coordinates"":[]}"
