scenario,changeThr,purityThr,feasible,nTotal,nUU,nFF,nAA,nGG,nBB,mean_dlst_UU,sd_dlst_UU,mean_dlst_FF,sd_dlst_FF,mean_dlst_AA,sd_dlst_AA,mean_dlst_BB,sd_dlst_BB,UU_minus_FF,welch_se,welch_df,welch_ci_low,welch_ci_high,welch_p
DEFAULT_3SCENE,0.05,0.7,0,23,7,11,0,0,5,2.1412989459269776,0.9749863297607728,1.0468205054862696,0.5496920596471171,,,2.4090055567785247,1.4602562941862407,1.094478440440708,0.4040655613914272,8.465011517525628,0.1715363957930715,2.017420485088344,0.0253857566207422
DEFAULT_3SCENE,0.05,0.75,0,23,7,11,0,0,5,2.1412989459269776,0.9749863297607728,1.0468205054862696,0.5496920596471171,,,2.4090055567785247,1.4602562941862407,1.094478440440708,0.4040655613914272,8.465011517525628,0.1715363957930715,2.017420485088344,0.0253857566207422
DEFAULT_3SCENE,0.05,0.8,0,23,7,11,0,0,5,2.1412989459269776,0.9749863297607728,1.0468205054862696,0.5496920596471171,,,2.4090055567785247,1.4602562941862407,1.094478440440708,0.4040655613914272,8.465011517525628,0.1715363957930715,2.017420485088344,0.0253857566207422
DEFAULT_3SCENE,0.05,0.85,0,23,7,11,0,0,5,2.1412989459269776,0.9749863297607728,1.0468205054862696,0.5496920596471171,,,2.4090055567785247,1.4602562941862407,1.094478440440708,0.4040655613914272,8.465011517525628,0.1715363957930715,2.017420485088344,0.0253857566207422
DEFAULT_3SCENE,0.05,0.9,0,19,6,8,0,0,5,2.0138816587942565,1.002168960484337,1.0432647203960237,0.5479400569162198,,,2.4090055567785247,1.4602562941862407,0.9706169383982328,0.4526811524753135,7.233661150076725,-0.0928343074613735,2.034068184257839,0.0679526137939787
DEFAULT_3SCENE,0.05,0.95,0,15,5,6,0,0,4,2.01928471896767,1.120361251451307,0.9903891513301428,0.626693824373054,,,2.419497797642048,1.6859410860085795,1.0288955676375275,0.5625827865022135,6.029930069592584,-0.3460403208817939,2.403831456156849,0.1169260822067974
DEFAULT_3SCENE,0.1,0.7,1,98,49,24,5,0,20,2.166687063464266,0.8269947102139996,0.9795922469692022,0.6662198085746761,1.4095636220151655,0.169026814140624,2.320129211072751,1.173222458712013,1.1870948164950637,0.1801423257489356,55.63362003365208,0.82617392308892,1.5480157099012073,1.688800077559449e-08
DEFAULT_3SCENE,0.1,0.75,1,95,49,24,5,0,17,2.166687063464266,0.8269947102139996,0.9795922469692022,0.6662198085746761,1.4095636220151655,0.169026814140624,2.3315361313183978,1.2208336123882908,1.1870948164950637,0.1801423257489356,55.63362003365208,0.82617392308892,1.5480157099012073,1.688800077559449e-08
DEFAULT_3SCENE,0.1,0.8,1,91,49,20,5,0,17,2.166687063464266,0.8269947102139996,1.0633910934817203,0.587439360843143,1.4095636220151655,0.169026814140624,2.3315361313183978,1.2208336123882908,1.1032959699825455,0.1766686340881493,49.38163157836427,0.7483364459564937,1.4582554940085974,9.521684729563162e-08
DEFAULT_3SCENE,0.1,0.85,1,83,47,17,4,0,15,2.144459654327224,0.8358784531284714,1.0503231437901064,0.5911308472082473,1.3584741237582083,0.1438489009935582,2.2999758089464777,1.2363009056740073,1.0941365105371177,0.1882042611675237,40.19848594713247,0.713820006569321,1.474453014504914,8.501963126850143e-07
DEFAULT_3SCENE,0.1,0.9,1,64,38,12,2,0,12,2.11568258327761,0.8851553719012047,1.1100581707162618,0.5800367396693545,1.33153539485216,0.1472114591199729,2.0976536975531803,1.064922852794021,1.005624412561348,0.2205794796725148,28.539230547267984,0.5541721321255235,1.4570766929971726,8.904288273003935e-05
DEFAULT_3SCENE,0.1,0.95,0,20,9,6,0,0,5,1.9547444533666412,1.4122530748379392,0.9903891513301428,0.626693824373054,,,2.4663214433025056,1.4638170234300194,0.9643553020364988,0.5357835872864881,11.779625007155902,-0.2054436466789803,2.134154250751977,0.0975197621794889
DEFAULT_3SCENE,0.15,0.7,1,245,149,39,19,0,38,2.1164019993087844,0.6536372490914516,0.9009787227009892,0.7035266794806159,1.6653836081553226,0.4854391509945579,2.10608190189933,1.5427615812874331,1.215423276607795,0.1247333711205928,56.3723119168272,0.9655887208073214,1.4652578324082686,1.0813572259849025e-13
DEFAULT_3SCENE,0.15,0.75,1,230,146,35,17,0,32,2.119764996732479,0.6555470183428197,0.8794217642287103,0.6751514243276548,1.6396589884545896,0.5068949489658696,2.023899855896153,1.6264124827962438,1.2403432325037689,0.1263611335643788,50.50026044883994,0.9866017056021816,1.4940847594053563,2.69118061169138e-13
DEFAULT_3SCENE,0.15,0.8,1,203,137,25,13,0,28,2.143751500319377,0.6596727947476523,1.055729447209096,0.5880771795757963,1.631742795683527,0.393740781614821,1.9839617639114624,1.6381012573760434,1.088022053110281,0.1304216276399131,35.95259561190032,0.8235026221928364,1.352541484027726,6.279721187496533e-10
DEFAULT_3SCENE,0.15,0.85,1,162,110,18,10,0,24,2.1199733995353065,0.6947866133456847,1.0944096183353116,0.6032128553744377,1.5685302050764465,0.4161993836397721,1.8377370175317087,1.572855452208341,1.025563781199995,0.1568540856126712,24.998525666386005,0.7025157786625029,1.348611783737487,7.545117370888477e-07
DEFAULT_3SCENE,0.15,0.9,1,83,53,12,2,0,16,2.191622577491475,0.813555373002894,1.1100581707162618,0.5800367396693545,1.33153539485216,0.1472114591199729,2.185265726427056,1.142998571366033,1.081564406775213,0.201308326700416,22.055931637512877,0.6641378642766615,1.4989909492737643,2.129617792889782e-05
DEFAULT_3SCENE,0.15,0.95,0,20,9,6,0,0,5,1.9547444533666412,1.4122530748379392,0.9903891513301428,0.626693824373054,,,2.4663214433025056,1.4638170234300194,0.9643553020364988,0.5357835872864881,11.779625007155902,-0.2054436466789803,2.134154250751977,0.0975197621794889
DEFAULT_3SCENE,0.2,0.7,1,402,280,42,27,0,53,2.0962157267973014,0.6029974700981058,0.9079265869256544,0.7354230061856093,1.6701597731189906,0.4355404343012006,1.9307497724706664,1.4072078554090668,1.1882891398716469,0.1190625976183862,49.61196931901832,0.9490985226470602,1.4274797570962336,1.8718360195180142e-13
DEFAULT_3SCENE,0.2,0.75,1,361,257,36,24,0,44,2.100674480190849,0.6013274897544897,0.8523362650049289,0.6849935919235266,1.6321351622648923,0.4446330671651132,1.8517069038961904,1.4659608928034344,1.2483382151859197,0.1201697440239767,42.89594070764142,1.0059758274448505,1.4907006029269891,2.7622348852673895e-13
DEFAULT_3SCENE,0.2,0.8,1,296,217,25,17,0,37,2.129420536345523,0.6033012202037329,1.055729447209096,0.5880771795757963,1.655330530506948,0.3576875545589693,1.7932974124976506,1.4928728904318578,1.0736910891364273,0.1245418915773952,30.123604945306308,0.819386371477288,1.3279958067955666,1.2422494144459504e-09
DEFAULT_3SCENE,0.2,0.85,1,192,139,18,10,0,25,2.116198173775981,0.657815426159972,1.0944096183353116,0.6032128553744377,1.5685302050764465,0.4161993836397721,1.8203163330224907,1.5422007602870165,1.0217885554406694,0.1527346244865608,22.573276629834822,0.7055020862937715,1.3380750245875672,8.785555360990571e-07
DEFAULT_3SCENE,0.2,0.9,1,83,53,12,2,0,16,2.191622577491475,0.813555373002894,1.1100581707162618,0.5800367396693545,1.33153539485216,0.1472114591199729,2.185265726427056,1.142998571366033,1.081564406775213,0.201308326700416,22.055931637512877,0.6641378642766615,1.4989909492737643,2.129617792889782e-05
DEFAULT_3SCENE,0.2,0.95,0,20,9,6,0,0,5,1.9547444533666412,1.4122530748379392,0.9903891513301428,0.626693824373054,,,2.4663214433025056,1.4638170234300194,0.9643553020364988,0.5357835872864881,11.779625007155902,-0.2054436466789803,2.134154250751977,0.0975197621794889
S1_4SCENE,0.05,0.7,0,23,7,11,0,0,5,2.0644667467829283,0.8047468819641528,1.0016329220041995,0.5536974572093535,,,2.015843252200755,1.2411629444029564,1.0628338247787288,0.3469694230920145,9.634918993935052,0.2857485937317373,1.83991905582572,0.0124899189840412
S1_4SCENE,0.05,0.75,0,23,7,11,0,0,5,2.0644667467829283,0.8047468819641528,1.0016329220041995,0.5536974572093535,,,2.015843252200755,1.2411629444029564,1.0628338247787288,0.3469694230920145,9.634918993935052,0.2857485937317373,1.83991905582572,0.0124899189840412
S1_4SCENE,0.05,0.8,0,23,7,11,0,0,5,2.0644667467829283,0.8047468819641528,1.0016329220041995,0.5536974572093535,,,2.015843252200755,1.2411629444029564,1.0628338247787288,0.3469694230920145,9.634918993935052,0.2857485937317373,1.83991905582572,0.0124899189840412
S1_4SCENE,0.05,0.85,0,23,7,11,0,0,5,2.0644667467829283,0.8047468819641528,1.0016329220041995,0.5536974572093535,,,2.015843252200755,1.2411629444029564,1.0628338247787288,0.3469694230920145,9.634918993935052,0.2857485937317373,1.83991905582572,0.0124899189840412
S1_4SCENE,0.05,0.9,0,19,6,8,0,0,5,1.980457962936383,0.8472651629949601,1.0087754315180986,0.5458473718798716,,,2.015843252200755,1.2411629444029564,0.9716825314182844,0.3960892726532741,8.040855740742792,0.0591062147725003,1.8842588480640683,0.0395920780082292
S1_4SCENE,0.05,0.95,0,15,5,6,0,0,4,2.003189403596,0.9452234828719782,0.9633361122570404,0.6294103120476493,,,2.013828433813319,1.433162078339755,1.039853291338959,0.4946874872076779,6.763410716445002,-0.1382430460670558,2.2179496287449743,0.0750323115218036
S1_4SCENE,0.1,0.7,1,98,49,24,5,0,20,2.052715846906273,0.7688712553849162,0.921180150709446,0.6521828785918883,1.5175384467254829,0.2740570135020303,1.9338481391027256,1.0030891398071031,1.1315356961968273,0.1725895583001417,53.16689305466857,0.7853902454289815,1.477681146964673,2.3035116036851377e-08
S1_4SCENE,0.1,0.75,1,95,49,24,5,0,17,2.052715846906273,0.7688712553849162,0.921180150709446,0.6521828785918883,1.5175384467254829,0.2740570135020303,1.937831495952245,1.0454270357880702,1.1315356961968273,0.1725895583001417,53.16689305466857,0.7853902454289815,1.477681146964673,2.3035116036851377e-08
S1_4SCENE,0.1,0.8,1,91,49,20,5,0,17,2.052715846906273,0.7688712553849162,1.0119509885221258,0.5650118206710234,1.5175384467254829,0.2740570135020303,1.937831495952245,1.0454270357880702,1.0407648583841471,0.1674110780248842,47.77300218908441,0.7041210021854863,1.3774087145828084,1.1891646822803636e-07
S1_4SCENE,0.1,0.85,1,83,47,17,4,0,15,2.0323211812326054,0.7782143332046216,0.989951769841374,0.5643788708966319,1.4533975932830168,0.2696590470650242,1.918505252043722,1.0536979925599324,1.0423694113912312,0.1778261983148089,39.13601362412419,0.6827219382578333,1.402016884524629,7.964537911409053e-07
S1_4SCENE,0.1,0.9,1,64,38,12,2,0,12,2.0115636890747,0.8361181228366702,1.0420778762691203,0.554607943734979,1.6548378395136454,0.0716000709638125,1.7555465828670425,0.8995767396134116,0.96948581280558,0.2098325412715886,28.146020196242677,0.5397637748404223,1.3992078507707375,7.743533425941251e-05
S1_4SCENE,0.1,0.95,0,20,9,6,0,0,5,1.978913956878969,1.343714123531374,0.9633361122570404,0.6294103120476493,,,2.0575929267462647,1.2450067515084944,1.0155778446219288,0.5163766559343596,12.044896244694378,-0.1090452982638232,2.140200987507681,0.0726820649073864
S1_4SCENE,0.15,0.7,1,245,149,39,19,0,38,1.9867824592979733,0.5904185353217046,0.8396086091466373,0.6836522376156625,1.8127975400389709,0.4923991006548781,1.765119283850913,1.4126789491152136,1.1471738501513362,0.1196815345837189,53.75902357440672,0.9072021848599218,1.3871455154427508,3.135269821541442e-13
S1_4SCENE,0.15,0.75,1,230,146,35,17,0,32,1.988197356602663,0.5923058487475303,0.8217917843808883,0.6505241396128155,1.7849359704174028,0.5146964469153197,1.6817890475465382,1.492819539193247,1.1664055722217743,0.1203902976486229,48.40872812116113,0.9243974435579604,1.4084137008855888,6.463718449367661e-13
S1_4SCENE,0.15,0.8,1,203,137,25,13,0,28,2.005877983863152,0.5973948107992485,0.9969876526581684,0.5607201742590843,1.744852388836241,0.4589125372808224,1.6600405707308097,1.5130694308638095,1.0088903312049833,0.1232122240034099,34.7093048788832,0.7586813100164502,1.2590993523935163,1.2782326308524714e-09
S1_4SCENE,0.15,0.85,1,162,110,18,10,0,24,1.9848903433300693,0.627658516999221,1.0303000320602167,0.5736641121895358,1.6600056602471247,0.4634708897270466,1.5274204841615862,1.436533366348424,0.9545903112698528,0.1478655380672439,24.16794284093176,0.649523025389185,1.2596575971505206,1.08640674945093e-06
S1_4SCENE,0.15,0.9,1,83,53,12,2,0,16,2.063441010549392,0.7612441320442264,1.0420778762691203,0.554607943734979,1.6548378395136454,0.0716000709638125,1.871692750222829,1.0542555400233329,1.0213631342802718,0.1912232224001429,21.556135703848145,0.6243164572873681,1.4184098112731756,2.4722110170793957e-05
S1_4SCENE,0.15,0.95,0,20,9,6,0,0,5,1.978913956878969,1.343714123531374,0.9633361122570404,0.6294103120476493,,,2.0575929267462647,1.2450067515084944,1.0155778446219288,0.5163766559343596,12.044896244694378,-0.1090452982638232,2.140200987507681,0.0726820649073864
S1_4SCENE,0.2,0.7,1,402,280,42,27,0,53,1.9682394745870344,0.5404180135057294,0.8423152283812663,0.7085759842853822,1.814615477440072,0.440245205016629,1.6253628240989262,1.283192152054918,1.125924246205768,0.1140058133338383,48.412678718565246,0.8967506631217582,1.3550978292897775,3.466116282879739e-13
S1_4SCENE,0.2,0.75,1,361,257,36,24,0,44,1.970077142003584,0.543709857300723,0.7956584606634295,0.6600583108047106,1.796083868087516,0.4624894508812883,1.5503242811210711,1.3428834949591124,1.1744186813401545,0.1151191214437484,41.91771745533475,0.942085377374623,1.4067519853056856,6.299405441723138e-13
S1_4SCENE,0.2,0.8,1,296,217,25,17,0,37,1.9934288010911116,0.5433398988778796,0.9969876526581684,0.5607201742590843,1.8035430779044492,0.4379938596236845,1.496846897908806,1.3723855617599128,0.996441148432943,0.1180539592646726,29.435027348652596,0.7551485969763903,1.2377336998894957,2.3614938893246062e-09
S1_4SCENE,0.2,0.85,1,192,139,18,10,0,25,1.9837941503022372,0.5906088793496873,1.0303000320602167,0.5736641121895358,1.6600056602471247,0.4634708897270466,1.515690005726538,1.407509755222748,0.9534941182420208,0.1441953342852897,21.93619286796184,0.6544008569619064,1.252587379522135,1.2120972598950177e-06
S1_4SCENE,0.2,0.9,1,83,53,12,2,0,16,2.063441010549392,0.7612441320442264,1.0420778762691203,0.554607943734979,1.6548378395136454,0.0716000709638125,1.871692750222829,1.0542555400233329,1.0213631342802718,0.1912232224001429,21.556135703848145,0.6243164572873681,1.4184098112731756,2.4722110170793957e-05
S1_4SCENE,0.2,0.95,0,20,9,6,0,0,5,1.978913956878969,1.343714123531374,0.9633361122570404,0.6294103120476493,,,2.0575929267462647,1.2450067515084944,1.0155778446219288,0.5163766559343596,12.044896244694378,-0.1090452982638232,2.140200987507681,0.0726820649073864
S2_ALLCLEAR_MEAN,0.05,0.7,0,23,7,11,0,0,5,1.710578844674236,0.9925963617329656,0.7947835739687581,0.4940072767012322,,,1.1546355733010882,1.2664961456914627,0.915795270705478,0.4036525643215201,7.922477574810929,-0.0166170078367082,1.848207549247664,0.0533045992386951
S2_ALLCLEAR_MEAN,0.05,0.75,0,23,7,11,0,0,5,1.710578844674236,0.9925963617329656,0.7947835739687581,0.4940072767012322,,,1.1546355733010882,1.2664961456914627,0.915795270705478,0.4036525643215201,7.922477574810929,-0.0166170078367082,1.848207549247664,0.0533045992386951
S2_ALLCLEAR_MEAN,0.05,0.8,0,23,7,11,0,0,5,1.710578844674236,0.9925963617329656,0.7947835739687581,0.4940072767012322,,,1.1546355733010882,1.2664961456914627,0.915795270705478,0.4036525643215201,7.922477574810929,-0.0166170078367082,1.848207549247664,0.0533045992386951
S2_ALLCLEAR_MEAN,0.05,0.85,0,23,7,11,0,0,5,1.710578844674236,0.9925963617329656,0.7947835739687581,0.4940072767012322,,,1.1546355733010882,1.2664961456914627,0.915795270705478,0.4036525643215201,7.922477574810929,-0.0166170078367082,1.848207549247664,0.0533045992386951
S2_ALLCLEAR_MEAN,0.05,0.9,0,19,6,8,0,0,5,1.608338912673033,1.0461796278591429,0.7646800469345817,0.4808050015916691,,,1.1546355733010882,1.2664961456914627,0.8436588657384513,0.459686831968999,6.5914382118635695,-0.2571362892047971,1.9444540206817,0.1117180981485885
S2_ALLCLEAR_MEAN,0.05,0.95,0,15,5,6,0,0,4,1.6442922516242435,1.1655127403084504,0.6871291274181542,0.5394719195843739,,,1.1620991473867777,1.462296806333866,0.9571631242060892,0.5658524379797301,5.417627421653241,-0.4643196441854004,2.378645892597579,0.1469886505109503
S2_ALLCLEAR_MEAN,0.1,0.7,1,98,49,24,5,0,20,1.892137886045092,0.8133637501421567,0.7420204106321656,0.5651488345574321,1.351509522505212,0.3482926966578369,1.1967194074298628,1.0424131067524411,1.1501174754129266,0.1637354169026094,62.51115696697056,0.8228682706640478,1.4773666801618055,1.8794705791691513e-09
S2_ALLCLEAR_MEAN,0.1,0.75,1,95,49,24,5,0,17,1.892137886045092,0.8133637501421567,0.7420204106321656,0.5651488345574321,1.351509522505212,0.3482926966578369,1.2042812134945993,1.0671986372900455,1.1501174754129266,0.1637354169026094,62.51115696697056,0.8228682706640478,1.4773666801618055,1.8794705791691513e-09
S2_ALLCLEAR_MEAN,0.1,0.8,1,91,49,20,5,0,17,1.892137886045092,0.8133637501421567,0.8228697353892599,0.4956964920934269,1.351509522505212,0.3482926966578369,1.2042812134945993,1.0671986372900455,1.0692681506558324,0.1605832716855134,56.63277905797348,0.747660500668542,1.3908758006431228,1.2083684941543993e-08
S2_ALLCLEAR_MEAN,0.1,0.85,1,83,47,17,4,0,15,1.875865772464897,0.8253589774341774,0.797237766699259,0.4877802826871759,1.2804617268520655,0.3578991593718944,1.1130405048059593,1.0704670357654864,1.078628005765638,0.1687893574522076,48.28613157388433,0.7393062027982933,1.4179498087329825,6.186579493139277e-08
S2_ALLCLEAR_MEAN,0.1,0.9,1,64,38,12,2,0,12,1.8451244619629037,0.8623510417230791,0.823246149587123,0.4675011904275964,1.5413995962451232,0.0438198138827434,0.8669785397019814,0.9213618828923292,1.0218783123757802,0.1943780659253712,35.24205901902854,0.6273667242304446,1.4163899005211158,7.230895942234028e-06
S2_ALLCLEAR_MEAN,0.1,0.95,0,20,9,6,0,0,5,1.5963208078826212,1.460287161601182,0.6871291274181542,0.5394719195843739,,,1.1753274979697903,1.266731585086755,0.909191680464467,0.5342682973903353,10.881108744783816,-0.2682944147511227,2.0866777756800565,0.1171632284933503
S2_ALLCLEAR_MEAN,0.15,0.7,1,245,149,39,19,0,38,1.845615372010721,0.6332527470165706,0.6541257764019195,0.6085304491397715,1.5137284447658126,0.4490355539325884,1.155419246201151,1.2596508692796486,1.1914895956088012,0.1103922384010086,61.32961296413396,0.9707706631226845,1.412208528094918,8.881784197001252e-16
S2_ALLCLEAR_MEAN,0.15,0.75,1,230,146,35,17,0,32,1.8513283189939025,0.6327117763723996,0.6478329760228709,0.5757276147818196,1.487103302477197,0.4686461225367722,1.083894061885163,1.3018177410952938,1.2034953429710311,0.110509264593133,55.44824540144066,0.9820700621973956,1.4249206237446672,2.220446049250313e-15
S2_ALLCLEAR_MEAN,0.15,0.8,1,203,137,25,13,0,28,1.8755848767710157,0.636340332630359,0.8069000485734896,0.5052139576402372,1.3849824843960998,0.435537853353941,1.0030845164173268,1.3064949018488758,1.0686848281975256,0.1147402805877602,39.32578100758754,0.8366621602359768,1.3007074961590743,1.697775253717282e-11
S2_ALLCLEAR_MEAN,0.15,0.85,1,162,110,18,10,0,24,1.863335948567004,0.6728400145856412,0.8353030546508419,0.5000151355230451,1.2610824011632051,0.3815124206016566,0.8426268630115066,1.1900048441939222,1.0280328939161625,0.1341838616250917,28.180977387449538,0.7532492149791208,1.3028165728532042,2.301519197445145e-08
S2_ALLCLEAR_MEAN,0.15,0.9,1,83,53,12,2,0,16,1.920984987119542,0.773872493877693,0.823246149587123,0.4675011904275964,1.5413995962451232,0.0438198138827434,0.9823174183876,0.9904412682700902,1.097738837532419,0.171792638107656,26.708340551192837,0.7450692626613233,1.4504084124035148,8.014869279371339e-07
S2_ALLCLEAR_MEAN,0.15,0.95,0,20,9,6,0,0,5,1.5963208078826212,1.460287161601182,0.6871291274181542,0.5394719195843739,,,1.1753274979697903,1.266731585086755,0.909191680464467,0.5342682973903353,10.881108744783816,-0.2682944147511227,2.0866777756800565,0.1171632284933503
S2_ALLCLEAR_MEAN,0.2,0.7,1,402,280,42,27,0,53,1.8440860630433795,0.5964654397467845,0.6563586943574506,0.6371831008637271,1.495020964071338,0.5021511860945193,1.0551019939430193,1.1337111332905037,1.1877273686859289,0.1045817016167336,52.35365680885036,0.9779025693785832,1.397552167993274,8.881784197001252e-16
S2_ALLCLEAR_MEAN,0.2,0.75,1,361,257,36,24,0,44,1.848682395579074,0.5962823267601545,0.6233110320915122,0.5862078657028935,1.4715727584382658,0.5281904587243041,0.9932350937616224,1.1592254049266426,1.2253713634875618,0.1045419502619927,45.749190281258514,1.0149081956687835,1.43583453130634,2.220446049250313e-15
S2_ALLCLEAR_MEAN,0.2,0.8,1,296,217,25,17,0,37,1.8835191750841571,0.5843326580632112,0.8069000485734896,0.5052139576402372,1.459560230047008,0.4357051944308632,0.9033391332517554,1.1689590936078869,1.0766191265106675,0.1085500962407599,31.883508685661365,0.8554781284121322,1.2977601246092032,2.8818059050195188e-11
S2_ALLCLEAR_MEAN,0.2,0.85,1,192,139,18,10,0,25,1.8683735037849656,0.6379323638689326,0.8353030546508419,0.5000151355230451,1.2610824011632051,0.3815124206016566,0.8324690032565775,1.1660559313449816,1.0330704491341236,0.1296822385976057,24.78636101189041,0.7658681027884022,1.300272795479845,2.6995373492155753e-08
S2_ALLCLEAR_MEAN,0.2,0.9,1,83,53,12,2,0,16,1.920984987119542,0.773872493877693,0.823246149587123,0.4675011904275964,1.5413995962451232,0.0438198138827434,0.9823174183876,0.9904412682700902,1.097738837532419,0.171792638107656,26.708340551192837,0.7450692626613233,1.4504084124035148,8.014869279371339e-07
S2_ALLCLEAR_MEAN,0.2,0.95,0,20,9,6,0,0,5,1.5963208078826212,1.460287161601182,0.6871291274181542,0.5394719195843739,,,1.1753274979697903,1.266731585086755,0.909191680464467,0.5342682973903353,10.881108744783816,-0.2682944147511227,2.0866777756800565,0.1171632284933503
SENSOR_2025_L8_ONLY_ALLCLEAR,0.05,0.7,0,23,7,11,0,0,5,2.095622553342302,0.6071492069092,0.1576721650955217,0.5558709919494491,,,2.0164734036629164,1.4647971263731996,1.93795038824678,0.2841684079014356,12.050829052786597,1.3190901313633931,2.556810645130167,1.8105838589299594e-05
SENSOR_2025_L8_ONLY_ALLCLEAR,0.05,0.75,0,23,7,11,0,0,5,2.095622553342302,0.6071492069092,0.1576721650955217,0.5558709919494491,,,2.0164734036629164,1.4647971263731996,1.93795038824678,0.2841684079014356,12.050829052786597,1.3190901313633931,2.556810645130167,1.8105838589299594e-05
SENSOR_2025_L8_ONLY_ALLCLEAR,0.05,0.8,0,23,7,11,0,0,5,2.095622553342302,0.6071492069092,0.1576721650955217,0.5558709919494491,,,2.0164734036629164,1.4647971263731996,1.93795038824678,0.2841684079014356,12.050829052786597,1.3190901313633931,2.556810645130167,1.8105838589299594e-05
SENSOR_2025_L8_ONLY_ALLCLEAR,0.05,0.85,0,23,7,11,0,0,5,2.095622553342302,0.6071492069092,0.1576721650955217,0.5558709919494491,,,2.0164734036629164,1.4647971263731996,1.93795038824678,0.2841684079014356,12.050829052786597,1.3190901313633931,2.556810645130167,1.8105838589299594e-05
SENSOR_2025_L8_ONLY_ALLCLEAR,0.05,0.9,0,19,6,8,0,0,5,2.095138854311373,0.6650971553364543,0.1259111941289713,0.5609248080683543,,,2.0164734036629164,1.4647971263731996,1.9692276601824017,0.3362369467767568,9.77126707295772,1.2176610678410589,2.7207942525237447,0.0001754066500856
SENSOR_2025_L8_ONLY_ALLCLEAR,0.05,0.95,0,15,5,6,0,0,4,2.168815137875176,0.7157033756015834,0.0623098998214528,0.6472726277836185,,,1.9648581372516407,1.6861435062681345,2.106505238053723,0.4150581165923057,8.246266150493172,1.1543321062619,3.0586783698455458,0.0008736563758171
SENSOR_2025_L8_ONLY_ALLCLEAR,0.1,0.7,1,98,49,24,5,0,20,2.075491019608604,0.8533544466639643,0.1061113752785589,0.5718046393848045,0.8461946500633096,0.2847326433623736,1.9144625832239397,1.4426429084893937,1.9693796443300449,0.1687745905863985,64.03638206852307,1.6322173290569866,2.306541959603103,0.0
SENSOR_2025_L8_ONLY_ALLCLEAR,0.1,0.75,1,95,49,24,5,0,17,2.075491019608604,0.8533544466639643,0.1061113752785589,0.5718046393848045,0.8461946500633096,0.2847326433623736,1.8825866149973909,1.487911554323063,1.9693796443300449,0.1687745905863985,64.03638206852307,1.6322173290569866,2.306541959603103,0.0
SENSOR_2025_L8_ONLY_ALLCLEAR,0.1,0.8,1,91,49,20,5,0,17,2.075491019608604,0.8533544466639643,0.1664189218352336,0.536215983811861,0.8461946500633096,0.2847326433623736,1.8825866149973909,1.487911554323063,1.90907209777337,0.1709908928124237,55.22579767509816,1.566430180083686,2.251714015463054,8.881784197001252e-16
SENSOR_2025_L8_ONLY_ALLCLEAR,0.1,0.85,1,83,47,17,4,0,15,2.0648108982528486,0.8699962270959442,0.1458079138194574,0.5406688757439371,0.8096598623031915,0.3149576153765038,1.814312191391581,1.482750226231205,1.9190029844333911,0.1824817152979789,45.976288329243,1.551681230648966,2.286324738217816,8.060219158778636e-14
SENSOR_2025_L8_ONLY_ALLCLEAR,0.1,0.9,1,64,38,12,2,0,12,2.074665383676221,0.8701160919915467,0.1801973025490891,0.5283883474229659,0.9146735907177044,0.0682146843415575,1.568216397963561,1.272123468605432,1.8944680811271315,0.2078218572227706,31.12112297266713,1.4706794601888888,2.318256702065374,2.6878188563728145e-10
SENSOR_2025_L8_ONLY_ALLCLEAR,0.1,0.95,0,20,9,6,0,0,5,1.9715032576717733,1.2278978644069278,0.0623098998214528,0.6472726277836185,,,1.9643678268633276,1.460243522436937,1.9091933578503204,0.4871887550508484,12.565894251404076,0.8529779335876144,2.9654087821130264,0.0018744267198835
SENSOR_2025_L8_ONLY_ALLCLEAR,0.15,0.7,1,245,149,39,19,0,38,2.0346740067929328,0.6986255037210191,0.0474231138120505,0.6502637294163083,0.9922402828873944,0.7031797585318853,1.8272383255564384,1.6649316700500318,1.9872508929808823,0.1188184104027841,62.95476607363028,1.7498079074332256,2.224693878528539,0.0
SENSOR_2025_L8_ONLY_ALLCLEAR,0.15,0.75,1,230,146,35,17,0,32,2.0443444165892504,0.6935871420162252,0.0178526294323002,0.5823459491380638,0.9689433207303328,0.7418829213434588,1.7086091719126,1.7339422005869307,2.0264917871569503,0.11394862953082,59.44397160136639,1.7985167321903557,2.254466842123545,0.0
SENSOR_2025_L8_ONLY_ALLCLEAR,0.15,0.8,1,203,137,25,13,0,28,2.0685736394957828,0.692879081387999,0.1435945355110858,0.5554323384930463,0.8343784353361418,0.7623512876497386,1.6285330422682254,1.7048191666670078,1.9249791039846968,0.1258747284317309,39.01073969301552,1.670375674772909,2.1795825331964847,0.0
SENSOR_2025_L8_ONLY_ALLCLEAR,0.15,0.85,1,162,110,18,10,0,24,2.0526073430383254,0.7326690808192174,0.1916071297978645,0.5593599911846658,0.7239554925762537,0.786630330182097,1.4601806341986712,1.652876114902735,1.8610002132404608,0.1492060937346997,27.546629123992066,1.555138604753802,2.16686182172712,7.58726415028832e-13
SENSOR_2025_L8_ONLY_ALLCLEAR,0.15,0.9,1,83,53,12,2,0,16,2.1436874406145376,0.7898590751542861,0.1801973025490891,0.5283883474229659,0.9146735907177044,0.0682146843415575,1.7448911598152408,1.23988438443215,1.9634901380654488,0.187182953438821,23.664954813665016,1.5768738606531594,2.350106415477738,2.2426527301888652e-10
SENSOR_2025_L8_ONLY_ALLCLEAR,0.15,0.95,0,20,9,6,0,0,5,1.9715032576717733,1.2278978644069278,0.0623098998214528,0.6472726277836185,,,1.9643678268633276,1.460243522436937,1.9091933578503204,0.4871887550508484,12.565894251404076,0.8529779335876144,2.9654087821130264,0.0018744267198835
SENSOR_2025_L8_ONLY_ALLCLEAR,0.2,0.7,1,402,280,42,27,0,53,2.0369275081035925,0.6376462301913567,0.0518128964888014,0.6819092701378706,0.988550182309352,0.8192616422294212,1.6291002327720916,1.5187267179701545,1.985114611614791,0.1119086744937213,52.32805118738283,1.760586932181099,2.209642291048483,0.0
SENSOR_2025_L8_ONLY_ALLCLEAR,0.2,0.75,1,361,257,36,24,0,44,2.043246149187309,0.6379399090549726,-0.0070112446090922,0.5930371890288084,0.938594585458867,0.8513522915925686,1.5030881929782354,1.5560571149329796,2.050257393796402,0.1065494413197002,47.09694858139016,1.8359192128220243,2.2645955747707798,0.0
SENSOR_2025_L8_ONLY_ALLCLEAR,0.2,0.8,1,296,217,25,17,0,37,2.076713253933821,0.6324657039115914,0.1435945355110858,0.5554323384930463,0.929931966295408,0.763017632280728,1.4211643887596586,1.553942748435566,1.933118718422735,0.1190948385586223,31.627359003544758,1.690418324331315,2.175819112514155,0.0
SENSOR_2025_L8_ONLY_ALLCLEAR,0.2,0.85,1,192,139,18,10,0,25,2.055703670504005,0.6923544642317812,0.1916071297978645,0.5593599911846658,0.7239554925762537,0.786630330182097,1.4539515832675332,1.6183745449172742,1.864096540706141,0.1443295437583648,24.296771672394392,1.5664074281950242,2.1617856532172577,2.2395418852738658e-12
SENSOR_2025_L8_ONLY_ALLCLEAR,0.2,0.9,1,83,53,12,2,0,16,2.1436874406145376,0.7898590751542861,0.1801973025490891,0.5283883474229659,0.9146735907177044,0.0682146843415575,1.7448911598152408,1.23988438443215,1.9634901380654488,0.187182953438821,23.664954813665016,1.5768738606531594,2.350106415477738,2.2426527301888652e-10
SENSOR_2025_L8_ONLY_ALLCLEAR,0.2,0.95,0,20,9,6,0,0,5,1.9715032576717733,1.2278978644069278,0.0623098998214528,0.6472726277836185,,,1.9643678268633276,1.460243522436937,1.9091933578503204,0.4871887550508484,12.565894251404076,0.8529779335876144,2.9654087821130264,0.0018744267198835
