system:index,GridID,a17,a25,b17,b25,changeRatio,commonFrac_full,commonFrac_landsat,commonFrac_union,coreCode_default,core_default,dlst,dom17,dom17_lbl,dom25,dom25_lbl,domSame,eligible,f17,f25,g17,g25,keep_default,lat,lon,lst2017,lst2025,purity17,purity25,run_uid,scenario,u17,u25,validFrac17,validFrac25,x_utm,y_utm,.geo
0000000000000000000a,0000000000000000000a,0.0,0.0005407267542004436,0.0165924620946184,0.0222177646181553,0.0593622040720212,1.0,1.0,1.0,11,UU,4.36666994524183,1,U,1,U,1,1,0.0,0.0,0.0255580605352322,0.0044479136232617,1,36.842247367019446,30.60712701799849,47.73719238803626,52.10386233327808,0.9578494773701492,0.9727935950043824,20260422_thermal_canonical_v01,DEFAULT_3SCENE,0.9578494773701492,0.9727935950043824,1.0,1.0,286634.95566845924,4080045.026200996,"{""type"":""Polygon"",""coordinates"":[[[30.608849059211337,36.84092872276369],[30.60876478067367,36.84363362757272],[30.60540491831214,36.84356595841942],[30.605489286882804,36.840861118604245],[30.608849059211337,36.84092872276369]]]}"
00000000000000000011,00000000000000000011,0.0022203163297735,0.0022203163297735,0.0322294152731642,0.0183372007470711,0.0541452435164586,1.0,1.0,1.0,11,UU,1.269072550250096,1,U,1,U,1,1,0.0,0.0,0.0080584422086487,0.0,1,36.84501766069178,30.61040542125311,49.40377695183303,50.67284950208313,0.9574918261884134,0.9794424829231552,20260422_thermal_canonical_v01,DEFAULT_3SCENE,0.9574918261884134,0.9794424829231552,1.0,1.0,286935.020483312,4080345.090636145,"{""type"":""Polygon"",""coordinates"":[[[30.612130172121624,36.84370128918067],[30.612046159136423,36.84640164522963],[30.608680589870023,36.84633401810016],[30.60876478067367,36.84363362757272],[30.612130172121624,36.84370128918067]]]}"
0000000000000000001c,0000000000000000001c,0.0183163898382567,0.0405207131506193,0.0022204323312362,0.0399634281733679,0.0969414633084442,1.0,1.0,1.0,11,UU,1.4967862826323224,1,U,1,U,1,1,0.0,0.0044365108735877,0.0314517709036289,0.0255349718092169,1,36.84771803263813,30.610321332985325,46.990133779268405,48.48692006190078,0.948011406926878,0.889544375993208,20260422_thermal_canonical_v01,DEFAULT_3SCENE,0.948011406926878,0.889544375993208,1.0,1.0,286935.01997783885,4080644.905365138,"{""type"":""Polygon"",""coordinates"":[[[30.612046159136423,36.84640164522963],[30.611962058307395,36.84910208332321],[30.608596486800565,36.84903436630176],[30.608680589870023,36.84633401810016],[30.612046159136423,36.84640164522963]]]}"
0000000000000000001d,0000000000000000001d,0.0138983376070612,0.0533605456416697,0.0022240828928777,0.0055558462853454,0.0857711026218012,1.0,1.0,1.0,11,UU,1.7663978328639824,1,U,1,U,1,1,0.0,0.0022240828928777,0.018516580319919,0.0122280949639785,1,36.847785624301096,30.61368412344012,46.16115914575544,47.92755697861944,0.965360999180142,0.9266314302161286,20260422_thermal_canonical_v01,DEFAULT_3SCENE,0.965360999180142,0.9266314302161286,1.0,1.0,287235.08465506026,4080644.9056242607,"{""type"":""Polygon"",""coordinates"":[[[30.61540610824117,36.84646915100278],[30.61532218522084,36.84916955469289],[30.611962058307395,36.84910208332321],[30.612046159136423,36.84640164522963],[30.61540610824117,36.84646915100278]]]}"
00000000000000000023,00000000000000000023,0.0044478748315694,0.0416922855535641,0.0150050365641475,0.0133392638331087,0.0906058267160293,1.0,1.0,1.0,11,UU,2.336710926713254,1,U,1,U,1,1,0.0,0.0,0.0155588405872938,0.0250171155967783,1,36.8507913723897,30.76835093188229,45.991196017591086,48.32790694430434,0.9649882480169892,0.9199513350165488,20260422_thermal_canonical_v01,DEFAULT_3SCENE,0.9649882480169892,0.9199513350165488,1.0,1.0,301035.07867848367,4080644.905498733,"{""type"":""Polygon"",""coordinates"":[[[30.77007041559572,36.84947257206701],[30.769991944506884,36.852173266028835],[30.766631406458828,36.852110157960446],[30.766709967351364,36.849409453902986],[30.77007041559572,36.84947257206701]]]}"
00000000000000000039,00000000000000000039,0.0700547773145159,0.0494565881059958,0.002760671981578,0.018308532351761,0.091368211712576,1.0,1.0,1.0,11,UU,1.7102559742085417,1,U,1,U,1,1,0.0,0.0011121190447115,0.0221900458803621,0.0108333478708371,1,36.85336778905008,30.76154551956217,46.56150864077653,48.27176461498509,0.9049945048235436,0.9202894126266944,20260422_thermal_canonical_v01,DEFAULT_3SCENE,0.9049945048235436,0.9202894126266944,1.0,1.0,300434.949662598,4080944.974459088,"{""type"":""Polygon"",""coordinates"":[[[30.76326525349429,36.85204686369824],[30.7631864273766,36.85475200253244],[30.75982570517073,36.854688701019946],[30.759904708789414,36.85198352696706],[30.76326525349429,36.85204686369824]]]}"
0000000000000000003e,0000000000000000003e,0.0439221603893724,0.0711276450988259,0.0088707848507579,0.002224238089423,0.0813635015613278,1.0,1.0,1.0,11,UU,1.643417514681277,1,U,1,U,1,1,0.0,0.0011121190447115,0.0074795457320796,0.0166556181637388,1,36.853683341287045,30.778359848886737,45.09678423955461,46.7402017542359,0.93972750902779,0.9088803796033004,20260422_thermal_canonical_v01,DEFAULT_3SCENE,0.93972750902779,0.9088803796033004,1.0,1.0,301935.0265106149,4080944.969644813,"{""type"":""Polygon"",""coordinates"":[[[30.7800793248973,36.852362186201944],[30.78000103547965,36.855067323171376],[30.77664033014755,36.855004481639966],[30.776718709359358,36.852299334433226],[30.7800793248973,36.852362186201944]]]}"
0000000000000000006a,0000000000000000006a,0.0249783393344624,0.067742370874133,0.0038923889428289,0.0105538599523683,0.0799594216275759,1.0,1.0,1.0,11,UU,2.0169225527793024,1,U,1,U,1,1,0.0,0.0011102451682565,0.0066745327174012,0.0105538599523683,1,36.85562030999426,30.59998228275797,45.10041134450883,47.11733389728816,0.9644547390053074,0.9100396640528736,20260422_thermal_canonical_v01,DEFAULT_3SCENE,0.9644547390053074,0.9100396640528736,1.0,1.0,286035.0733431746,4081544.85041901,"{""type"":""Polygon"",""coordinates"":[[[30.60170739503494,36.85430411778311],[30.601623023940594,36.85700445733629],[30.59825708935563,36.85693648793189],[30.598341638290083,36.85423611392771],[30.60170739503494,36.85430411778311]]]}"
0000000000000000006e,0000000000000000006e,0.0258456413006981,0.0377982147451411,0.0608355899757111,0.0808292234097757,0.0958342599739232,1.0,1.0,1.0,11,UU,1.2593107307270712,1,U,1,U,1,1,0.0,0.0,0.0088957496631388,0.0088913890015393,1,36.8558912672187,30.613431999948443,45.48350021829379,46.7428109490209,0.904423019060452,0.8724811728435438,20260422_thermal_canonical_v01,DEFAULT_3SCENE,0.904423019060452,0.8724811728435438,1.0,1.0,287235.08267244144,4081544.851182784,"{""type"":""Polygon"",""coordinates"":[[[30.615154163441378,36.854574830609415],[30.615070240253598,36.85727518178154],[30.61170975548434,36.85720768937322],[30.61179385648135,36.8545073037828],[30.615154163441378,36.854574830609415]]]}"
0000000000000000008c,0000000000000000008c,0.0500687901638773,0.0711542815346302,0.947157834241828,0.9138555580710892,0.0621680221521743,1.0,1.0,1.0,55,BB,1.3710541992465677,5,B,5,B,1,1,0.0,0.0,0.0,0.0005529335957228193,1,36.858186830449455,30.593171284358075,45.41061262634735,46.78166682559393,0.947157834241828,0.9138555580710892,20260422_thermal_canonical_v01,DEFAULT_3SCENE,0.0027733755942947,0.014437226798558,1.0,1.0,285434.9421220182,4081844.9161884976,"{""type"":""Polygon"",""coordinates"":[[[30.59489668440021,36.85686851105882],[30.594811869764232,36.85957332363484],[30.591445841788687,36.85950513486081],[30.59153074648223,36.8568003126771],[30.59489668440021,36.85686851105882]]]}"
00000000000000000169,00000000000000000169,0.8528470247544615,0.8503960016049403,0.1127601486314393,0.121325645901296,0.0807136751391238,1.0,1.0,1.0,33,AA,1.5223499272544458,3,A,3,A,1,1,0.0232716361669835,0.0132712872668911,0.0,0.0,1,36.87217224841882,30.616288535263315,43.61693665714178,45.139286584396174,0.8528470247544615,0.8503960016049403,20260422_thermal_canonical_v01,DEFAULT_3SCENE,0.0111211904471154,0.0150070652268722,1.0,1.0,287534.9015424263,4083344.990313334,"{""type"":""Polygon"",""coordinates"":[[[30.618011117768685,36.87085355434086],[30.617927020912397,36.87355840951615],[30.614565909880323,36.873490927359946],[30.614650096761537,36.87078606256023],[30.618011117768685,36.87085355434086]]]}"
0000000000000000019a,0000000000000000019a,0.8927088603178478,0.9077420930516544,0.081847600439614,0.0789648134256755,0.0765879315458018,1.0,1.0,1.0,33,AA,1.2484757780740687,3,A,3,A,1,1,0.0022155155871116,0.0,0.0,0.0,1,36.87487487620685,30.616204500104896,42.09421561548758,43.34269139356165,0.8927088603178478,0.9077420930516544,20260422_thermal_canonical_v01,DEFAULT_3SCENE,0.0232280236554262,0.0132930935226697,1.0,1.0,287534.9009590001,4083645.0555894007,"{""type"":""Polygon"",""coordinates"":[[[30.617927020912397,36.87355840951615],[30.617843187351667,36.876258776782095],[30.614481898515375,36.87619132909636],[30.614565909880323,36.873490927359946],[30.617927020912397,36.87355840951615]]]}"
000000000000000001bf,000000000000000001bf,0.0391847823720725,0.0566916723629729,0.8846617700201583,0.9142985270875692,0.0876084656545382,1.0,1.0,1.0,55,BB,4.347584281507642,5,B,5,B,1,1,0.0,0.0,0.0216517691929241,0.0078195410155824,1,36.87825626595093,30.7911105464974,52.4091745868052,56.75675886831287,0.8846617700201583,0.9142985270875692,20260422_thermal_canonical_v01,DEFAULT_3SCENE,0.0545016784148449,0.0211902595338752,1.0,1.0,303135.0368744529,4083645.0572302095,"{""type"":""Polygon"",""coordinates"":[[[30.792833089066534,36.87693721091114],[30.792755333674,36.87963792747367],[30.789387961134107,36.87957530661817],[30.789465806304463,36.87687457972405],[30.792833089066534,36.87693721091114]]]}"
000000000000000001c3,000000000000000001c3,0.0346937529438445,0.0223775796800586,0.9363998743959668,0.9398190953020602,0.0681881618198628,1.0,1.0,1.0,55,BB,1.8035544209618384,5,B,5,B,1,1,0.0,0.0,0.0033363571341346,0.0155696666259616,1,36.8785056985276,30.804566064153512,53.23850939933261,55.04206382029447,0.9363998743959668,0.9398190953020602,20260422_thermal_canonical_v01,DEFAULT_3SCENE,0.0255700155260541,0.0222336583919194,1.0,1.0,304335.0486435463,4083645.054870288,"{""type"":""Polygon"",""coordinates"":[[[30.80628561444567,36.87718641906756],[30.806208305765082,36.87988714379025],[30.802846470876997,36.87982496346318],[30.80292386931335,36.87712422845373],[30.80628561444567,36.87718641906756]]]}"
000000000000000001c9,000000000000000001c9,0.9726030981787732,0.9126194961970552,0.0102182332007536,0.0069124624938943,0.0754570511478612,1.0,1.0,1.0,33,AA,1.435629615864259,3,A,3,A,1,1,0.017178668620473,0.0804680413090502,0.0,0.0,1,36.877168554627374,30.59594166595937,41.51342663395548,42.94905624981974,0.9726030981787732,0.9126194961970552,20260422_thermal_canonical_v01,DEFAULT_3SCENE,0.0,0.0,1.0,1.0,285735.01063556515,4083944.872975357,"{""type"":""Polygon"",""coordinates"":[[[30.59766463064718,36.87585234992241],[30.597579993462343,36.87855275705123],[30.594218604722226,36.878484707220764],[30.594303419755775,36.8757843402194],[30.59766463064718,36.87585234992241]]]}"
000000000000000001da,000000000000000001da,0.0435252865342009,0.071873419046456,0.0080595921357919,0.0204847966784711,0.09851630235682,1.0,1.0,1.0,11,UU,2.34955967345639,1,U,1,U,1,1,0.0,0.0011121190447115,0.0066727142682692,0.0088969523576923,1,36.87831205297088,30.65311804399284,45.457457716149726,47.8070173896061,0.9417424070617378,0.8976327128726689,20260422_thermal_canonical_v01,DEFAULT_3SCENE,0.9417424070617378,0.8976327128726689,1.0,1.0,290834.8680666802,4083944.871863891,"{""type"":""Polygon"",""coordinates"":[[[30.654840060249303,36.8769950079977],[30.654757479864394,36.87969547448938],[30.651395947039827,36.87962908378214],[30.651478705153373,36.87692858263864],[30.654840060249303,36.8769950079977]]]}"
000000000000000001f6,000000000000000001f6,0.0019723007127276,0.0022204710010841,0.9980276992872722,0.997779528998916,0.0041927717138117,1.0,1.0,1.0,55,BB,3.8452071141215183,5,B,5,B,1,1,0.0,0.0,0.0,0.0,1,36.8809569909921,30.791032721375,54.64433041426814,58.48953752838968,0.9980276992872722,0.997779528998916,20260422_thermal_canonical_v01,DEFAULT_3SCENE,0.0,0.0,1.0,1.0,303135.03659387643,4083944.874760708,"{""type"":""Polygon"",""coordinates"":[[[30.792755333674,36.87963792747367],[30.79267757823262,36.88233862610939],[30.789310028251275,36.882276040665026],[30.789387961134107,36.87957530661817],[30.792755333674,36.87963792747367]]]}"
000000000000000001ff,000000000000000001ff,0.9715993695521556,0.9191259067041684,0.0105756755109327,0.0597140344308118,0.0869957070333249,1.0,1.0,1.0,33,AA,1.2274411738400608,3,A,3,A,1,1,0.0066832696209475,0.0155870392462491,0.0,0.0,1,36.879803012386205,30.592492739240388,42.45380473833247,43.68124591217251,0.9715993695521556,0.9191259067041684,20260422_thermal_canonical_v01,DEFAULT_3SCENE,0.011141685315964,0.0055730196187706,1.0,1.0,285434.9448439024,4084244.940110093,"{""type"":""Polygon"",""coordinates"":[[[30.594218604722226,36.878484707220764],[30.594133789631826,36.8811895266572],[30.590766777795928,36.8811212656253],[30.590851770747452,36.878416486129794],[30.594218604722226,36.878484707220764]]]}"
00000000000000000218,00000000000000000218,0.0333593521744628,0.0289070778515704,0.0122230410647084,0.0172334849403238,0.0992146379965201,1.0,1.0,1.0,11,UU,2.7424672853070056,1,U,1,U,1,1,0.0,0.0,0.0574958246301036,0.0255318963374483,1,36.88219578157725,30.713584186641903,44.783046403095945,47.52551368840295,0.896921782130725,0.9283275408706572,20260422_thermal_canonical_v01,DEFAULT_3SCENE,0.896921782130725,0.9283275408706572,1.0,1.0,296235.03785798594,4084244.940030304,"{""type"":""Polygon"",""coordinates"":[[[30.71530537230334,36.880875616056294],[30.71522476150921,36.88358062612891],[30.711862920513088,36.88351593321476],[30.71194370891325,36.880810888097685],[30.71530537230334,36.880875616056294]]]}"
0000000000000000022f,0000000000000000022f,0.0183167088265899,0.0072753079270814,0.9467478807563532,0.9413708578419632,0.0508923245719062,1.0,1.0,1.0,55,BB,2.5325074443057614,5,B,5,B,1,1,0.0,0.0,0.0,0.0,1,36.88365992495168,30.79095482208236,53.948829444746416,56.48133688905217,0.9467478807563532,0.9413708578419632,20260422_thermal_canonical_v01,DEFAULT_3SCENE,0.0349354104170567,0.0513538342309551,1.0,1.0,303135.0363046937,4084244.93766408,"{""type"":""Polygon"",""coordinates"":[[[30.79267757823262,36.88233862610939],[30.792599647419948,36.88504382093869],[30.789232007655784,36.88498117152962],[30.789310028251275,36.882276040665026],[30.79267757823262,36.88233862610939]]]}"
00000000000000000235,00000000000000000235,0.0194358212984208,0.0222049033651313,0.9755092977590464,0.9619120598748688,0.0625786423660848,1.0,1.0,1.0,55,BB,2.6536160259443364,5,B,5,B,1,1,0.0,0.0,0.002808267190296,0.0,1,36.884033568995775,30.811138155595007,50.12447698684831,52.77809301279265,0.9755092977590464,0.9619120598748688,20260422_thermal_canonical_v01,DEFAULT_3SCENE,0.0022466137522368,0.0158830367599998,1.0,1.0,304934.9269302943,4084244.936259928,"{""type"":""Polygon"",""coordinates"":[[[30.812860532030616,36.88271196446913],[30.81278340275665,36.88541717030892],[30.809415698886525,36.885355159761325],[30.80949300556115,36.882649918308374],[30.812860532030616,36.88271196446913]]]}"
00000000000000000269,00000000000000000269,0.0161104617692723,0.0361329658252359,0.8889189330635173,0.9122516267466813,0.0967020218760357,1.0,1.0,1.0,55,BB,3.9335865868434063,5,B,5,B,1,1,0.00471015124819,0.0080465083823247,0.0396699405125342,0.0285574725677302,1,36.88630022268448,30.78751200102546,51.50269638387178,55.4362829707152,0.8889189330635173,0.9122516267466813,20260422_thermal_canonical_v01,DEFAULT_3SCENE,0.050590513406486,0.015011426478028,1.0,1.0,302834.9703815739,4084545.000329112,"{""type"":""Polygon"",""coordinates"":[[[30.789232007655784,36.88498117152962],[30.789154074674826,36.88768186951952],[30.785791951855582,36.88761925922855],[30.785869974617594,36.88491855100874],[30.789232007655784,36.88498117152962]]]}"
00000000000000000270,00000000000000000270,0.0194314673958002,0.013884595457138,0.9800155869713818,0.9694573731163928,0.0327631172201202,1.0,1.0,1.0,55,BB,2.9596512804790294,5,B,5,B,1,1,0.0005529456328179766,0.0,0.0,0.0,1,36.88673655859807,30.811060970413504,48.878118883372025,51.83777016385108,0.9800155869713818,0.9694573731163928,20260422_thermal_canonical_v01,DEFAULT_3SCENE,0.0,0.0166580314264691,1.0,1.0,304934.9279488438,4084545.0014116266,"{""type"":""Polygon"",""coordinates"":[[[30.81278340275665,36.88541717030892],[30.812706273434543,36.88811796902106],[30.809338479812915,36.88805589450722],[30.809415698886525,36.885355159761325],[30.81278340275665,36.88541717030892]]]}"
00000000000000000299,00000000000000000299,0.0375219327844513,0.0808650333726636,0.0222397345860962,0.0333117089503176,0.0900343522916766,1.0,1.0,1.0,11,UU,2.178865017490396,1,U,1,U,1,1,0.0,0.0,0.0011102451682565,0.0016893142167982,1,36.88773067185788,30.720149704212204,45.89059629157901,48.0694613090694,0.939128087461196,0.8841339434602205,20260422_thermal_canonical_v01,DEFAULT_3SCENE,0.939128087461196,0.8841339434602205,1.0,1.0,296834.91778699553,4084845.0654568034,"{""type"":""Polygon"",""coordinates"":[[[30.721873705235012,36.88641044617653],[30.721793274104765,36.88911554873204],[30.718425645452,36.88905084537382],[30.71850616646602,36.88634580708665],[30.721873705235012,36.88641044617653]]]}"
000000000000000002b4,000000000000000002b4,0.0066571171069187,0.0144331871873353,0.9927899372602632,0.9627871943016124,0.0444228684381245,1.0,1.0,1.0,55,BB,2.897810888733047,5,B,5,B,1,1,0.0005529456328179766,0.0077717161777959,0.0,0.0,1,36.88943954132199,30.81098374445817,50.49168595621092,53.38949684494396,0.9927899372602632,0.9627871943016124,20260422_thermal_canonical_v01,DEFAULT_3SCENE,0.0,0.0150079023332564,1.0,1.0,304934.9262370345,4084845.06601461,"{""type"":""Polygon"",""coordinates"":[[[30.812706273434543,36.88811796902106],[30.812629056417233,36.89082316347386],[30.809261173041623,36.89076109948709],[30.809338479812915,36.88805589450722],[30.812706273434543,36.88811796902106]]]}"
000000000000000002d7,000000000000000002d7,0.0033307065016261,0.0094348248222534,0.019440005921256,0.0666576686796034,0.0855186105946944,1.0,1.0,1.0,11,UU,2.7088871020525294,1,U,1,U,1,1,0.0,0.0022204710010841,0.0099921195048785,0.0055511775027102,1,36.890044328470005,30.699885512428303,45.89632421065624,48.60521131270876,0.9672371680722394,0.9161358579943488,20260422_thermal_canonical_v01,DEFAULT_3SCENE,0.9672371680722394,0.9161358579943488,1.0,1.0,295035.02523789974,4085145.132636897,"{""type"":""Polygon"",""coordinates"":[[[30.701609825819638,36.88872663601988],[30.701528855289077,36.89142716562324],[30.69816111904806,36.89136200751761],[30.69824226721408,36.88866144292003],[30.701609825819638,36.88872663601988]]]}"
000000000000000002d8,000000000000000002d8,0.0205632991992742,0.0300141304537445,0.0066727142682692,0.0266385220592083,0.0666530014130453,1.0,1.0,1.0,11,UU,2.6304135833326745,1,U,1,U,1,1,0.0055605952235577,0.0122289482406712,0.0094464700033145,0.012233309491827,1,36.89010943483204,30.703250376731077,46.46811802644304,49.09853160977577,0.9577569213055842,0.9188850897545487,20260422_thermal_canonical_v01,DEFAULT_3SCENE,0.9577569213055842,0.9188850897545487,1.0,1.0,295335.0900936085,4085145.13119446,"{""type"":""Polygon"",""coordinates"":[[[30.70497185492377,36.88879168956912],[30.70489097429333,36.89149220926811],[30.701528855289077,36.89142716562324],[30.701609825819638,36.88872663601988],[30.70497185492377,36.88879168956912]]]}"
000000000000000002db,000000000000000002db,0.0055598920290771,0.0233515465221239,0.0438773596835876,0.031048181370219,0.0994326729780525,1.0,1.0,1.0,11,UU,2.3980018901947204,1,U,1,U,1,1,0.0,0.0,0.0011119784058154,0.0077838488407079,1,36.89030417075944,30.71334226915573,46.60398734389842,49.00198923409312,0.9494507698815198,0.9378164232669488,20260422_thermal_canonical_v01,DEFAULT_3SCENE,0.9494507698815198,0.9378164232669488,1.0,1.0,296235.0381806832,4085145.131438402,"{""type"":""Polygon"",""coordinates"":[[[30.715063627480735,36.888986249606035],[30.714983016530553,36.891686813856815],[30.711620905872454,36.8916220764201],[30.711701518992577,36.888921527245],[30.715063627480735,36.888986249606035]]]}"
0000000000000000035b,0000000000000000035b,0.0077848333129808,0.0411440434031714,0.0077848333129808,0.0232978036739179,0.0850051462763637,1.0,1.0,1.0,11,UU,2.4249888242370687,1,U,1,U,1,1,0.0,0.0,0.0166599794148945,0.0016572754391779,1,36.895186212087765,30.686265817431185,44.503557990149616,46.92854681438671,0.9677703539591438,0.9339008774837324,20260422_thermal_canonical_v01,DEFAULT_3SCENE,0.9677703539591438,0.9339008774837324,1.0,1.0,293835.01679072395,4085745.013109906,"{""type"":""Polygon"",""coordinates"":[[[30.687987792746853,36.89386647151197],[30.687906111523347,36.89657142256311],[30.68454379943009,36.89650593794582],[30.684625570583158,36.89380097695447],[30.687987792746853,36.89386647151197]]]}"
0000000000000000035f,0000000000000000035f,0.0,0.0069879528563529,0.0144722462894188,0.0228011894758382,0.0420017328381538,1.0,1.0,1.0,11,UU,2.664937206705605,1,U,1,U,1,1,0.0,0.0,0.001110235500542,0.0,1,36.89544764517904,30.699723306292395,46.12217440423287,48.7871116109385,0.9844175182100392,0.9702108576678088,20260422_thermal_canonical_v01,DEFAULT_3SCENE,0.9844175182100392,0.9702108576678088,1.0,1.0,295035.0260554798,4085745.013937802,"{""type"":""Polygon"",""coordinates"":[[[30.701447796980613,36.89412777678403],[30.701366650894098,36.896832786603184],[30.697998734830236,36.896767499711345],[30.69808005855723,36.89406245478718],[30.701447796980613,36.89412777678403]]]}"
0000000000000000037d,0000000000000000037d,0.0,0.0,0.0,0.0,0.0366243910084769,1.0,1.0,1.0,11,UU,1.2228216068229945,1,U,1,U,1,1,0.0,0.0,0.0,0.0366243910084769,1,36.89735976212792,30.800658653528544,52.21376939949809,53.43659100632111,1.0,0.9633756089915232,20260422_thermal_canonical_v01,DEFAULT_3SCENE,1.0,0.9633756089915232,1.0,1.0,304034.98242015013,4085745.012350288,"{""type"":""Polygon"",""coordinates"":[[[30.802381553315893,36.896038370192954],[30.80230397923145,36.89874349193925],[30.798935726929404,36.89868117734845],[30.799013390782733,36.89597597071797],[30.802381553315893,36.896038370192954]]]}"
0000000000000000039d,0000000000000000039d,0.0072265931650471,0.0072265931650471,0.0116750693438933,0.028836592641697,0.0610575161802417,1.0,1.0,1.0,11,UU,2.054403719794996,1,U,1,U,1,1,0.0,0.0,0.0094290249986916,0.0044484761788461,1,36.89775762464985,30.67945388841294,45.0849557315941,47.13935945138906,0.9716693124923678,0.9594883380144096,20260422_thermal_canonical_v01,DEFAULT_3SCENE,0.9716693124923678,0.9594883380144096,1.0,1.0,293234.88892913825,4086045.0764943664,"{""type"":""Polygon"",""coordinates"":[[[30.68117595724949,36.896440238558114],[30.681094183845577,36.89914069991992],[30.67773177672884,36.89907499607515],[30.67781364006797,36.89637452489258],[30.68117595724949,36.896440238558114]]]}"
000000000000000003df,000000000000000003df,0.0144331871873353,0.0388629347916004,0.0105625677576095,0.0419716212627188,0.0925073689801854,1.0,1.0,1.0,11,UU,1.9274873918191455,1,U,1,U,1,1,0.0011102451682565,0.0044409806730262,0.0077717161777959,0.0022204903365131,1,36.90032647311028,30.672644352878635,45.11153138012707,47.03901877194623,0.9661222837090024,0.9125039729361414,20260422_thermal_canonical_v01,DEFAULT_3SCENE,0.9661222837090024,0.9125039729361414,1.0,1.0,292635.0078285741,4086344.894468029,"{""type"":""Polygon"",""coordinates"":[[[30.67436936719195,36.89900921502135],[30.67428732611563,36.90170970309361],[30.670919296197393,36.901643716627625],[30.67100142722289,36.898943218660435],[30.67436936719195,36.89900921502135]]]}"
00000000000000000426,00000000000000000426,0.0075321859448539,0.037251666441717,0.0099921195048785,0.0341778379578633,0.0730883268533313,1.0,1.0,1.0,11,UU,2.2779729035327287,1,U,1,U,1,1,0.0,0.0,0.0005660024120410484,0.0044409420021682,1,36.90322658513244,30.68265555590189,45.2468683429918,47.5248412465245,0.9819096921382264,0.9241295535982516,20260422_thermal_canonical_v01,DEFAULT_3SCENE,0.9819096921382264,0.9241295535982516,1.0,1.0,293534.95183232264,4086644.958564298,"{""type"":""Polygon"",""coordinates"":[[[30.684380520176166,36.901906946768115],[30.68429874886318,36.90461192781465],[30.680930549137848,36.904546208892555],[30.681012410388306,36.90184121780496],[30.684380520176166,36.901906946768115]]]}"
0000000000000000044d,0000000000000000044d,0.0032752996179543,0.0260933656647418,0.9934799295221812,0.900572196151632,0.0994278038483679,1.0,1.0,1.0,55,BB,1.382233049046777,5,B,5,B,1,1,0.0,0.042256162447883,0.0,0.0,1,36.90571495146183,30.81388623226914,51.02058650427003,52.40281955331682,0.9934799295221812,0.900572196151632,20260422_thermal_canonical_v01,DEFAULT_3SCENE,0.0032447708598642,0.031078275735743,1.0,1.0,305234.99220601504,4086644.957576304,"{""type"":""Polygon"",""coordinates"":[[[30.81560630281032,36.904393260318614],[30.815529175250813,36.90709848325394],[30.812166103889403,36.90703659025107],[30.812243321196057,36.904331431217415],[30.81560630281032,36.904393260318614]]]}"
0000000000000000046b,0000000000000000046b,0.0208293355197739,0.0305156743366536,0.0155696666259616,0.0428056800935052,0.0852799050991748,1.0,1.0,1.0,11,UU,1.8991069615294,1,U,1,U,1,1,0.0,0.0,0.0144531863300943,0.0,1,36.90599496008805,30.68593928221531,45.76311793759163,47.66222489912104,0.94914781152417,0.926678645569841,20260422_thermal_canonical_v01,DEFAULT_3SCENE,0.94914781152417,0.926678645569841,1.0,1.0,293835.01566265494,4086945.023721622,"{""type"":""Polygon"",""coordinates"":[[[30.687661418473784,36.90467743221583],[30.687579912507825,36.90737794367152],[30.684217065234375,36.907312474131736],[30.68429874886318,36.90461192781465],[30.687661418473784,36.90467743221583]]]}"
0000000000000000046c,0000000000000000046c,0.0022204903365131,0.0161225014041336,0.0271901218657343,0.0749219562955255,0.0938222475716108,1.0,1.0,1.0,11,UU,1.886683172646022,1,U,1,U,1,1,0.0,0.0,0.0044583962835087,0.0094349069788705,1,36.906060464879474,30.6893048278051,46.57326823017328,48.4599514028193,0.9661309915142436,0.8995206353214704,20260422_thermal_canonical_v01,DEFAULT_3SCENE,0.9661309915142436,0.8995206353214704,1.0,1.0,294135.08171080984,4086945.019963632,"{""type"":""Polygon"",""coordinates"":[[[30.691029700441735,36.90474297101537],[30.690948284400772,36.90744347249742],[30.687579912507825,36.90737794367152],[30.687661418473784,36.90467743221583],[30.691029700441735,36.90474297101537]]]}"
0000000000000000046d,0000000000000000046d,0.0166861469218289,0.023882211328786,0.016668701917206,0.0444760392861504,0.0717076915025382,1.0,1.0,1.0,11,UU,2.47054368368299,1,U,1,U,1,1,0.0011121190447115,0.002224238089423,0.0116489018369589,0.0,1,36.9061259224654,30.692670372679487,48.23556342061425,50.70610710429721,0.9538841302792946,0.9294175112956408,20260422_thermal_canonical_v01,DEFAULT_3SCENE,0.9538841302792946,0.9294175112956408,1.0,1.0,294435.14685534814,4086945.0215601833,"{""type"":""Polygon"",""coordinates"":[[[30.694392364785017,36.90480832070835],[30.694311126391906,36.9075088617224],[30.690948284400772,36.90744347249742],[30.691029700441735,36.90474297101537],[30.694392364785017,36.90480832070835]]]}"
0000000000000000046e,0000000000000000046e,0.1172853772659285,0.0833765769380039,0.0094365540007238,0.0322299309701248,0.0961054591598675,1.0,1.0,1.0,11,UU,2.933746288313442,1,U,1,U,1,1,0.0,0.0,0.003885383370908,0.0033359352174462,1,36.90619122242038,30.69603314155153,47.50264400535413,50.43639029366757,0.8693926853624395,0.881057556874425,20260422_thermal_canonical_v01,DEFAULT_3SCENE,0.8693926853624395,0.881057556874425,1.0,1.0,294734.96350772865,4086945.022233534,"{""type"":""Polygon"",""coordinates"":[[[30.69775511424428,36.904873568139735],[30.697673965762302,36.907574099249395],[30.694311126391906,36.9075088617224],[30.694392364785017,36.90480832070835],[30.69775511424428,36.904873568139735]]]}"
00000000000000000491,00000000000000000491,0.0088969523576923,0.0344713291349022,0.9830478167576714,0.9460687682082236,0.0664349388552587,1.0,1.0,1.0,55,BB,0.8239154594768445,5,B,5,B,1,1,0.0,0.0,0.0,0.0,1,36.90841793876047,30.813809078803104,52.08886352230944,52.91277898178628,0.9830478167576714,0.9460687682082236,20260422_thermal_canonical_v01,DEFAULT_3SCENE,0.0080552308846361,0.0194599026568741,1.0,1.0,305234.9928335118,4086945.023026833,"{""type"":""Polygon"",""coordinates"":[[[30.815529175250813,36.90709848325394],[30.815452135288194,36.9097992751048],[30.812088886534497,36.90973734321119],[30.812166103889403,36.90703659025107],[30.815529175250813,36.90709848325394]]]}"
000000000000000004a4,000000000000000004a4,0.0116532630881147,0.0510571672801493,0.0172356645674511,0.02167105699283,0.0899682500915862,1.0,1.0,1.0,11,UU,2.6020121410105217,1,U,1,U,1,1,0.0,0.0033363571341346,0.002760671981578,0.0011121190447115,1,36.90797057119783,30.648844577004063,47.36305231188047,49.965064452891,0.968350400362856,0.9228232995481744,20260422_thermal_canonical_v01,DEFAULT_3SCENE,0.968350400362856,0.9228232995481744,1.0,1.0,290535.05060063256,4087245.086313822,"{""type"":""Polygon"",""coordinates"":[[[30.650567397537355,36.90665140820576],[30.650484463301886,36.90935630378511],[30.64712167533882,36.90928972019856],[30.64720478731814,36.90658478983105],[30.650567397537355,36.90665140820576]]]}"
000000000000000004ae,000000000000000004ae,0.0230362981700706,0.0460682424754333,0.0122125905059626,0.0377567147478459,0.0946878496697594,1.0,1.0,1.0,11,UU,1.6105214486413162,1,U,1,U,1,1,0.0,0.001110235500542,0.0055903622850823,0.0033307065016261,1,36.90863207926146,30.682491986359587,46.08624933025718,47.69677077889849,0.9591607490388844,0.9117341007745524,20260422_thermal_canonical_v01,DEFAULT_3SCENE,0.9591607490388844,0.9117341007745524,1.0,1.0,293534.9524308236,4087245.090239986,"{""type"":""Polygon"",""coordinates"":[[[30.684217065234375,36.907312474131736],[30.68413529381472,36.91001741876382],[30.68076682647655,36.9099516704013],[30.680848775573832,36.9072466907219],[30.684217065234375,36.907312474131736]]]}"
000000000000000004b2,000000000000000004b2,0.0778036028100348,0.0416882884690019,0.0022239568116308,0.0239009946755857,0.0850161999991278,1.0,1.0,1.0,11,UU,2.6404444695343923,1,U,1,U,1,1,0.0216770378639548,0.0511248424697258,0.0083332969941697,0.0,1,36.9088940011636,30.695951824189443,48.10744733805122,50.74789180758556,0.8899621055202097,0.8832858743856865,20260422_thermal_canonical_v01,DEFAULT_3SCENE,0.8899621055202097,0.8832858743856865,1.0,1.0,294734.96372201125,4087245.0888285786,"{""type"":""Polygon"",""coordinates"":[[[30.697673965762302,36.907574099249395],[30.697592554043162,36.91027915270188],[30.694229624754477,36.910213850753856],[30.694311126391906,36.9075088617224],[30.697673965762302,36.907574099249395]]]}"
000000000000000004d1,000000000000000004d1,0.0,0.0069627694317439,0.0033311561071195,0.0044415414761593,0.0502939255388635,1.0,1.0,1.0,11,UU,-0.1938697298254991,1,U,1,U,1,1,0.0,0.0,0.0277683431308513,0.0244415414761593,1,36.91087231950825,30.80027056590144,50.64095816450101,50.44708843467554,0.9689005007620292,0.9641541476159372,20260422_thermal_canonical_v01,DEFAULT_3SCENE,0.9689005007620292,0.9641541476159372,1.0,1.0,304034.9796538101,4087245.088334608,"{""type"":""Polygon"",""coordinates"":[[[30.801993770061685,36.90955090348062],[30.80191610807939,36.91225610734249],[30.798547319274522,36.912193721347045],[30.798625071028614,36.90948850696427],[30.801993770061685,36.90955090348062]]]}"
000000000000000004d5,000000000000000004d5,0.0,0.0100047101512481,0.9986174833836332,0.9760959824154354,0.0252865342009315,1.0,1.0,1.0,55,BB,-0.024678092765404,5,B,5,B,1,1,0.0,0.0,0.0,0.0,1,36.911120927227245,30.81373187949921,51.83202117668432,51.807343083918965,0.9986174833836332,0.9760959824154354,20260422_thermal_canonical_v01,DEFAULT_3SCENE,0.0013825166163669,0.0138993074333164,1.0,1.0,305234.9903003485,4087245.088831734,"{""type"":""Polygon"",""coordinates"":[[[30.815452135288194,36.9097992751048],[30.81537491998732,36.91250448631177],[30.81201158148385,36.912442564894725],[30.812088886534497,36.90973734321119],[30.815452135288194,36.9097992751048]]]}"
000000000000000004d7,000000000000000004d7,0.0127655313238796,0.0138975361479617,0.0212555675044953,0.0067267209738724,0.0212076749927072,1.0,1.0,1.0,22,FF,0.5051804529384532,2,F,2,F,1,1,0.9659789011716252,0.979375742878166,0.0,0.0,1,36.90952670781054,30.59155845744902,43.17866530716584,43.6838457601043,0.9659789011716252,0.979375742878166,20260422_thermal_canonical_v01,DEFAULT_3SCENE,0.0,0.0,1.0,1.0,285434.9441558185,4087545.149817016,"{""type"":""Polygon"",""coordinates"":[[[30.593285020995513,36.90821068891317],[30.593200117478546,36.91091101607016],[30.589831851563655,36.91084271199394],[30.589916845142746,36.9081423752471],[30.593285020995513,36.90821068891317]]]}"
000000000000000004f3,000000000000000004f3,0.002224238089423,0.0208467805243968,0.0033363571341346,0.0360893533136785,0.0969593356942238,1.0,1.0,1.0,11,UU,1.3533794794579947,1,U,1,U,1,1,0.0,0.0111211904471154,0.016114823020428,0.0239083788357203,1,36.91140044800178,30.685775941746787,45.30269919246612,46.6560786719241,0.9783245817560142,0.9080342968790884,20260422_thermal_canonical_v01,DEFAULT_3SCENE,0.9783245817560142,0.9080342968790884,1.0,1.0,293835.0174487109,4087545.15356378,"{""type"":""Polygon"",""coordinates"":[[[30.687498231018335,36.910082952768825],[30.68741663721089,36.91278345306596],[30.684053610079363,36.912717928930064],[30.68413529381472,36.91001741876382],[30.687498231018335,36.910082952768825]]]}"
000000000000000004f4,000000000000000004f4,0.0022204903365131,0.0191528176280809,0.0016893142167982,0.047801496871721,0.075818860235372,1.0,1.0,1.0,11,UU,1.4042576306930614,1,U,1,U,1,1,0.0,0.0,0.0027821437745723,0.0055512258412828,1,36.91146598784001,30.68914171282429,46.15936731217876,47.56362494287184,0.9933080516721164,0.9274944596589152,20260422_thermal_canonical_v01,DEFAULT_3SCENE,0.9933080516721164,0.9274944596589152,1.0,1.0,294135.08252434933,4087545.152299524,"{""type"":""Polygon"",""coordinates"":[[[30.69086669284109,36.91014847151998],[30.69078527669414,36.912849011256654],[30.68741663721089,36.91278345306596],[30.687498231018335,36.910082952768825],[30.69086669284109,36.91014847151998]]]}"
000000000000000004fb,000000000000000004fb,0.0528124332267868,0.0405414244661413,0.0300103348581246,0.0350251394333706,0.0916749883351284,1.0,1.0,1.0,11,UU,1.536665770397298,1,U,1,U,1,1,0.0,0.0022239568116308,0.0,0.0055598920290771,1,36.91192208351442,30.71269678717454,47.74223344867856,49.27889921907585,0.9171772319150884,0.91664958725978,20260422_thermal_canonical_v01,DEFAULT_3SCENE,0.9171772319150884,0.91664958725978,1.0,1.0,296235.0366642379,4087545.153704573,"{""type"":""Polygon"",""coordinates"":[[[30.714418650705884,36.910604201443],[30.714338039339367,36.91330469580701],[30.71097485869461,36.91323998959659],[30.711055647669063,36.910539385819966],[30.714418650705884,36.910604201443]]]}"
00000000000000000515,00000000000000000515,0.0,0.0,0.0,0.0033309965557931,0.0205476767931864,1.0,1.0,1.0,11,UU,1.686864645605273,1,U,1,U,1,1,0.0,0.0,0.0161194107837203,0.0111076760965074,1,36.91357529451086,30.800192929422657,50.46672881374459,52.15359345934984,0.9838805892162796,0.9855613273476996,20260422_thermal_canonical_v01,DEFAULT_3SCENE,0.9838805892162796,0.9855613273476996,1.0,1.0,304034.9813757702,4087545.1553938673,"{""type"":""Polygon"",""coordinates"":[[[30.80191610807939,36.91225610734249],[30.801838621357707,36.91495685491383],[30.79846965512865,36.914894430070284],[30.798547319274522,36.912193721347045],[30.80191610807939,36.91225610734249]]]}"
00000000000000000524,00000000000000000524,0.0378120475201925,0.039478045461682,0.001932034261989,0.0100090714024039,0.0536433892154981,1.0,1.0,1.0,22,FF,1.6918767177565668,2,F,2,F,1,1,0.9574778012316172,0.9410620518814437,0.0,0.0,1,36.912837532598026,30.62175851606914,42.03343177369387,43.72530849145044,0.9574778012316172,0.9410620518814437,20260422_thermal_canonical_v01,DEFAULT_3SCENE,0.0027781169862009,0.0094508312544702,1.0,1.0,288135.0300287467,4087844.9693724914,"{""type"":""Polygon"",""coordinates"":[[[30.623481857785656,36.91152101766369],[30.62339802791511,36.9142213891366],[30.620035131362542,36.914154032389916],[30.620119051249667,36.911453651298814],[30.623481857785656,36.91152101766369]]]}"
00000000000000000525,00000000000000000525,0.0097919269937608,0.0044366267704056,0.003056439639671,0.0016588368984539,0.0117598909782783,1.0,1.0,1.0,22,FF,1.571915732297922,2,F,2,F,1,1,0.984356427884134,0.992794291162884,0.0,0.0,1,36.91290489473157,30.62512418338877,42.5597386153156,44.13165434761349,0.984356427884134,0.992794291162884,20260422_thermal_canonical_v01,DEFAULT_3SCENE,0.0027952054824341,0.0011102451682565,1.0,1.0,288435.09400367155,4087844.968850794,"{""type"":""Polygon"",""coordinates"":[[[30.626850280226684,36.9115883477048],[30.62676654037253,36.91428878390373],[30.62339802791511,36.9142213891366],[30.623481857785656,36.91152101766369],[30.626850280226684,36.9115883477048]]]}"
00000000000000000535,00000000000000000535,0.0027561063891953,0.0058305605100541,0.0166500224587783,0.0394663968705981,0.0602549398410005,1.0,1.0,1.0,11,UU,2.079709211567369,1,U,1,U,1,1,0.0,0.000553837834537676,0.0038899476252567,0.0066722195814381,1,36.913969534146055,30.67896259003936,45.31967435843931,47.39938357000669,0.9767039235267696,0.947476985203372,20260422_thermal_canonical_v01,DEFAULT_3SCENE,0.9767039235267696,0.947476985203372,1.0,1.0,293234.8892948396,4087844.968135716,"{""type"":""Polygon"",""coordinates"":[[[30.68068505280573,36.91265211609467],[30.680603191341486,36.91535264319056],[30.677240069117165,36.915286899683174],[30.677322020519675,36.91258643716962],[30.68068505280573,36.91265211609467]]]}"
00000000000000000537,00000000000000000537,0.0027650332327338,0.0169260157353941,0.0083387122097587,0.0289107339113444,0.061410777523856,1.0,1.0,1.0,11,UU,1.4428756858088838,1,U,1,U,1,1,0.0,0.0,0.010558589048026,0.0061144741203356,1,36.91410094459282,30.685694302991887,45.18826360721574,46.63113929302465,0.9783376655094812,0.9480487762329256,20260422_thermal_canonical_v01,DEFAULT_3SCENE,0.9783376655094812,0.9480487762329256,1.0,1.0,293835.01655497827,4087844.969251283,"{""type"":""Polygon"",""coordinates"":[[[30.68741663721089,36.91278345306596],[30.687335043350288,36.9154839353301],[30.68397192629076,36.915418421066555],[30.684053610079363,36.912717928930064],[30.68741663721089,36.91278345306596]]]}"
00000000000000000559,00000000000000000559,0.002220577350111,0.0,0.0114120259502764,0.0,0.0236252013758871,1.0,1.0,1.0,11,UU,0.8929896811168168,1,U,1,U,1,1,0.0,0.0,0.0122131754256106,0.0088823094004441,1,36.91627599490377,30.80011532725332,51.96346651570843,52.856456196825285,0.974154221274002,0.991117690599556,20260422_thermal_canonical_v01,DEFAULT_3SCENE,0.974154221274002,0.991117690599556,1.0,1.0,304034.981257388,4087844.9701351128,"{""type"":""Polygon"",""coordinates"":[[[30.801838621357707,36.91495685491383],[30.801761046932747,36.9176575349971],[30.79839199093404,36.91759512058337],[30.79846965512865,36.914894430070284],[30.801838621357707,36.91495685491383]]]}"
00000000000000000568,00000000000000000568,0.0,0.0,0.0008315990212384299,0.0,0.0008315990212384299,1.0,1.0,1.0,22,FF,1.3510321857365708,2,F,2,F,1,1,0.9991684009787616,1.0,0.0,0.0,1,36.91560751662598,30.62504034651396,41.93150904041477,43.28254122615135,0.9991684009787616,1.0,20260422_thermal_canonical_v01,DEFAULT_3SCENE,0.0,0.0,1.0,1.0,288435.0943749071,4088145.033581007,"{""type"":""Polygon"",""coordinates"":[[[30.62676654037253,36.91428878390373],[30.62668271268505,36.9169936196668],[30.6233141102088,36.91692623473289],[30.62339802791511,36.9142213891366],[30.62676654037253,36.91428878390373]]]}"
00000000000000000579,00000000000000000579,0.0239027172469642,0.0433078922505562,0.0138757668244217,0.0244556580648813,0.0933512132044009,1.0,1.0,1.0,11,UU,1.8549871894033705,1,U,1,U,1,1,0.0,0.0066614130032523,0.0127873006474196,0.0066788284620843,1,36.91673803927673,30.682246605469256,45.59228621780166,47.447273407205046,0.9494342152811944,0.9188962082192258,20260422_thermal_canonical_v01,DEFAULT_3SCENE,0.9494342152811944,0.9188962082192258,1.0,1.0,293534.9521247628,4088145.035675985,"{""type"":""Polygon"",""coordinates"":[[[30.68397192629076,36.915418421066555],[30.683890066973365,36.91812341042409],[30.680521242083657,36.91805764261076],[30.680603191341486,36.91535264319056],[30.68397192629076,36.915418421066555]]]}"
0000000000000000059a,0000000000000000059a,0.0497095406730282,0.0146799713901924,0.9152696125464472,0.984207909565096,0.0944036425169652,1.0,1.0,1.0,55,BB,2.5599359877634185,5,B,5,B,1,1,0.0,0.0,0.0,0.0,1,36.918854042630606,30.793307746172896,54.97337171205124,57.53330769981466,0.9152696125464472,0.984207909565096,20260422_thermal_canonical_v01,DEFAULT_3SCENE,0.0350208467805243,0.0011121190447115,1.0,1.0,303435.100758972,4088145.032689688,"{""type"":""Polygon"",""coordinates"":[[[30.79502845341139,36.917532683764655],[30.794950524078562,36.920237878414056],[30.791586980701585,36.9201753495165],[30.79166499981349,36.917470218826494],[30.79502845341139,36.917532683764655]]]}"
000000000000000005a3,000000000000000005a3,0.0321739433794414,0.0124457081058452,0.011926773535209,0.0033011215963997,0.029164995028694,1.0,1.0,1.0,22,FF,-0.0374014566260981,2,F,2,F,1,1,0.9558992830853494,0.9842531702977548,0.0,0.0,1,36.917904477583896,30.60476398900055,42.9992039686283,42.96180251200221,0.9558992830853494,0.9842531702977548,20260422_thermal_canonical_v01,DEFAULT_3SCENE,0.0,0.0,1.0,1.0,286634.9558575192,4088445.097630976,"{""type"":""Polygon"",""coordinates"":[[[30.606487746450295,36.91658824614594],[30.606403290754255,36.91928853071092],[30.603040205030922,36.91922073205405],[30.603124750767876,36.91652036347049],[30.606487746450295,36.91658824614594]]]}"
000000000000000005a4,000000000000000005a4,0.0977683917180118,0.0641832313687923,0.0125057150943807,0.0089351418431995,0.0542248154840957,1.0,1.0,1.0,22,FF,0.1095042857542822,2,F,2,F,1,1,0.8869521673815072,0.9263286233698376,0.0,0.0,1,36.91797235054199,30.608129829191835,42.974704951281936,43.084209237036205,0.8869521673815072,0.9263286233698376,20260422_thermal_canonical_v01,DEFAULT_3SCENE,0.0027737258061004,0.0005530034181707347,1.0,1.0,286935.0191709242,4088445.099506435,"{""type"":""Polygon"",""coordinates"":[[[30.609856271176326,36.9166561182803],[30.609771993310474,36.91935644269158],[30.606403290754255,36.91928853071092],[30.606487746450295,36.91658824614594],[30.609856271176326,36.9166561182803]]]}"
000000000000000005a6,000000000000000005a6,0.0130532247091045,0.0069431118399246,0.0033363571341346,0.0011121190447115,0.0277898923643214,1.0,1.0,1.0,22,FF,0.8639432258005743,2,F,2,F,1,1,0.8918715000959475,0.912434799295222,0.0,0.0,1,36.91810771827922,30.614858800503868,42.45512374278365,43.319066968584224,0.8918715000959475,0.912434799295222,20260422_thermal_canonical_v01,DEFAULT_3SCENE,0.0917389180608132,0.0795099698201419,1.0,1.0,287534.9011727517,4088445.0991187305,"{""type"":""Polygon"",""coordinates"":[[[30.61658234143984,36.916791323049246],[30.616498331416544,36.919491677780776],[30.61313516324849,36.91942406164934],[30.61321935108349,36.91672374682422],[30.61658234143984,36.916791323049246]]]}"
000000000000000005a7,000000000000000005a7,0.0077672946390863,0.0,0.0,0.0,0.0077672946390863,1.0,1.0,1.0,22,FF,1.1330018573861214,2,F,2,F,1,1,0.9922327053609136,1.0,0.0,0.0,1,36.91817528486415,30.61822469357126,41.58855613283108,42.72155799021717,0.9922327053609136,1.0,20260422_thermal_canonical_v01,DEFAULT_3SCENE,0.0,0.0,1.0,1.0,287834.96613447217,4088445.098658019,"{""type"":""Polygon"",""coordinates"":[[[30.619951035854832,36.91685883820474],[30.619867028073536,36.91955928262693],[30.616498331416544,36.919491677780776],[30.61658234143984,36.916791323049246],[30.619951035854832,36.91685883820474]]]}"
000000000000000005a8,000000000000000005a8,0.0444802065479539,0.0183477035932191,0.0055605709725111,0.0066726851670133,0.0428098546401329,1.0,1.0,1.0,22,FF,1.39009686718011,2,F,2,F,1,1,0.9499592224795348,0.9738674970452652,0.0,0.0,1,36.91824274721558,30.621590582816697,41.91588795218757,43.30598481936765,0.9499592224795348,0.9738674970452652,20260422_thermal_canonical_v01,DEFAULT_3SCENE,0.0,0.0011121141945022,1.0,1.0,288135.0297317407,4088445.097235405,"{""type"":""Polygon"",""coordinates"":[[[30.6233141102088,36.91692623473289],[30.62323019244666,36.9196265950787],[30.619867028073536,36.91955928262693],[30.619951035854832,36.91685883820474],[30.6233141102088,36.91692623473289]]]}"
000000000000000005a9,000000000000000005a9,0.0244255000478931,0.0277518961328468,0.0187479863112705,0.024900077499804,0.0505577373540348,1.0,1.0,1.0,22,FF,1.9799195050584064,2,F,2,F,1,1,0.9088854831546777,0.9111103370806088,0.0,0.0,1,36.91831013322757,30.6249565004798,41.4763997444085,43.4563192494669,0.9088854831546777,0.9111103370806088,20260422_thermal_canonical_v01,DEFAULT_3SCENE,0.0479410304861589,0.0362376892867406,1.0,1.0,288435.094915502,4088445.097874347,"{""type"":""Polygon"",""coordinates"":[[[30.62668271268505,36.9169936196668],[30.626598972719616,36.91969401977044],[30.62323019244666,36.9196265950787],[30.6233141102088,36.91692623473289],[30.62668271268505,36.9169936196668]]]}"
000000000000000005ac,000000000000000005ac,0.0067049516503324,0.0127785929180036,0.0133445953300447,0.039454721983969,0.0661613281028905,1.0,1.0,1.0,11,UU,4.157264434861625,1,U,1,U,1,1,0.0,0.0,0.0066570591385443,0.0033307065016261,1,36.91851166310618,30.635051478879006,50.6332425421443,54.7905069770059,0.9732933938810786,0.9444359785964012,20260422_thermal_canonical_v01,DEFAULT_3SCENE,0.9732933938810786,0.9444359785964012,1.0,1.0,289335.0371440579,4088445.0997957634,"{""type"":""Polygon"",""coordinates"":[[[30.636777535406008,36.917195004333344],[30.636694153230337,36.919895424823],[30.633325379407662,36.91982830729988],[30.633408851585894,36.91712787703014],[30.636777535406008,36.917195004333344]]]}"
000000000000000005ae,000000000000000005ae,0.0102649974054063,0.0336076189479467,0.0110935231093261,0.009968472416635,0.0594096536326491,1.0,1.0,1.0,11,UU,3.1391690398304,1,U,1,U,1,1,0.0,0.0116560484556716,0.0049842362083175,0.0,1,36.91864548774681,30.64178063011701,49.30745764034237,52.44662668017276,0.97365724327695,0.9447678601797465,20260422_thermal_canonical_v01,DEFAULT_3SCENE,0.97365724327695,0.9447678601797465,1.0,1.0,289934.9191903508,4088445.097208524,"{""type"":""Polygon"",""coordinates"":[[[30.64350383754309,36.917328673209106],[30.64342063535349,36.92002907430045],[30.64005739532278,36.919962325432465],[30.640140687503454,36.91726184019358],[30.64350383754309,36.917328673209106]]]}"
000000000000000005cc,000000000000000005cc,0.0098955494014261,0.0235068361717438,0.0500185350749034,0.0382563946008416,0.0784142698270785,1.0,1.0,1.0,11,UU,1.7999673025425154,1,U,1,U,1,1,0.0033363134826315,0.0,0.0033363134826315,0.002224208988421,1,36.92060788615315,30.742742499155334,51.60962909466912,53.40959639721165,0.9334132885584072,0.9360125602389932,20260422_thermal_canonical_v01,DEFAULT_3SCENE,0.9334132885584072,0.9360125602389932,1.0,1.0,298934.87528426,4088445.098043948,"{""type"":""Polygon"",""coordinates"":[[[30.744464027772967,36.919289558107074],[30.74438448817336,36.921990129686264],[30.741020890012265,36.92192620057593],[30.74110060715607,36.919225593835584],[30.744464027772967,36.919289558107074]]]}"
000000000000000005db,000000000000000005db,0.0435645377946024,0.0401802068977548,0.9096217922997748,0.9240531723740903,0.0438131291104791,1.0,1.0,1.0,55,BB,2.367036593324432,5,B,5,B,1,1,0.0,0.0,0.0044484761788461,0.0,1,36.92155697080722,30.793229827093167,54.47806620967912,56.84510280300357,0.9096217922997748,0.9240531723740903,20260422_thermal_canonical_v01,DEFAULT_3SCENE,0.0423651937267763,0.0357666207281544,1.0,1.0,303435.10112399654,4088445.096392568,"{""type"":""Polygon"",""coordinates"":[[[30.794950524078562,36.920237878414056],[30.794872770015917,36.922938542619924],[30.791509049202524,36.92287604912539],[30.791586980701585,36.9201753495165],[30.794950524078562,36.920237878414056]]]}"
000000000000000005e5,000000000000000005e5,0.0624970020451502,0.050867117559076,0.0072212556089009,0.017220252656733,0.0444264203764995,1.0,1.0,1.0,22,FF,1.0136859880072235,2,F,2,F,1,1,0.9302817423459488,0.9319126297841908,0.0,0.0,1,36.92074044434401,30.61141142463562,42.91033504606624,43.92402103407348,0.9302817423459488,0.9319126297841908,20260422_thermal_canonical_v01,DEFAULT_3SCENE,0.0,0.0,1.0,1.0,287235.08342434105,4088744.913325972,"{""type"":""Polygon"",""coordinates"":[[[30.61313516324849,36.91942406164934],[30.613050887570186,36.92212445789555],[30.60968762759887,36.92205677407248],[30.609771993310474,36.91935644269158],[30.61313516324849,36.91942406164934]]]}"
000000000000000005e7,000000000000000005e7,0.0505614308540976,0.0116770651468776,0.0317004889390067,0.0250390759357543,0.077760023685024,1.0,1.0,1.0,22,FF,1.2563833129016084,2,F,2,F,1,1,0.8893726516342231,0.9360068965216972,0.0,0.0,1,36.92087566862936,30.618140652131626,42.227065716635856,43.48344902953747,0.8893726516342231,0.9360068965216972,20260422_thermal_canonical_v01,DEFAULT_3SCENE,0.0283654285726725,0.0272769623956705,1.0,1.0,287834.9652405294,4088744.916696497,"{""type"":""Polygon"",""coordinates"":[[[30.619867028073536,36.91955928262693],[30.619783020236323,36.9222596346063],[30.61641423355249,36.922192039474396],[30.616498331416544,36.919491677780776],[30.619867028073536,36.91955928262693]]]}"
000000000000000005ee,000000000000000005ee,0.0544864666867256,0.0416792035687654,0.0066718122473541,0.0133436244947083,0.0550228280634737,1.0,1.0,1.0,11,UU,3.1885526210592,1,U,1,U,1,1,0.0,0.0189034680341701,0.0022239374157847,0.0044478748315694,1,36.92134591017079,30.64169744210226,49.40016472347518,52.58871734453437,0.9366177836501354,0.9216258290707866,20260422_thermal_canonical_v01,DEFAULT_3SCENE,0.9366177836501354,0.9216258290707866,1.0,1.0,289934.9204357471,4088744.914393939,"{""type"":""Polygon"",""coordinates"":[[[30.64342063535349,36.92002907430045],[30.64333752087499,36.922729506833086],[30.639974190855458,36.92266269323855],[30.64005739532278,36.919962325432465],[30.64342063535349,36.92002907430045]]]}"
0000000000000000060c,0000000000000000060c,0.013275474825007,0.0109029852373579,0.0372271527944351,0.0415927080834732,0.0394644453651409,1.0,1.0,1.0,11,UU,1.98686635792719,1,U,1,U,1,1,0.0033363134826315,0.0,0.0011121044942105,0.0,1,36.923308485802494,30.74266285916528,51.823348168014,53.81021452594115,0.9450489544037154,0.9475043066791684,20260422_thermal_canonical_v01,DEFAULT_3SCENE,0.9450489544037154,0.9475043066791684,1.0,1.0,298934.8759095782,4088744.913670461,"{""type"":""Polygon"",""coordinates"":[[[30.74438448817336,36.921990129686264],[30.74430486082758,36.92469078251479],[30.74094117281742,36.92462678913366],[30.741020890012265,36.92192620057593],[30.74438448817336,36.921990129686264]]]}"
0000000000000000062d,0000000000000000062d,0.0166751699567858,0.043336254976605,0.0,0.0044478748315694,0.0516171513542034,1.0,1.0,1.0,11,UU,3.376950890186868,1,U,1,U,1,1,0.0,0.003335906123677,0.003335906123677,0.0038330215460289,1,36.92404857137959,30.641614169826006,50.20190922830246,53.5788601184893,0.9799889239195372,0.9450469425221196,20260422_thermal_canonical_v01,DEFAULT_3SCENE,0.9799889239195372,0.9450469425221196,1.0,1.0,289934.92131234845,4089044.98030659,"{""type"":""Polygon"",""coordinates"":[[[30.64333752087499,36.922729506833086],[30.64325423080928,36.92543443729588],[30.63989072302762,36.92536758404943],[30.639974190855458,36.92266269323855],[30.64333752087499,36.922729506833086]]]}"
0000000000000000065e,0000000000000000065e,0.0215838319697154,0.0118887706505242,0.0002660363204996248,0.0228049822933202,0.0372232786141688,1.0,1.0,1.0,22,FF,1.4186061362478877,2,F,2,F,1,1,0.9781501317097848,0.959497060516721,0.0,0.00027912007396681943,1,36.92721007941982,30.806535306535377,42.43288506810275,43.85149120435064,0.9781501317097848,0.959497060516721,20260422_thermal_canonical_v01,DEFAULT_3SCENE,0.0,0.0055300664654676,1.0,1.0,304634.86369359423,4089044.979222061,"{""type"":""Polygon"",""coordinates"":[[[30.808256005314366,36.9258885489019],[30.808178522565633,36.92859376982067],[30.80481454993389,36.92853155785625],[30.80489212244353,36.92582640081301],[30.808256005314366,36.9258885489019]]]}"
00000000000000000662,00000000000000000662,0.0150050365641475,0.0066674515857545,0.04669396440828,0.0222350134962476,0.057251126140858,1.0,1.0,1.0,22,FF,0.8056465833024488,2,F,2,F,1,1,0.901074030951976,0.940538018428156,0.0,0.0,1,36.92614564559376,30.61124270641613,44.13248411294913,44.93813069625154,0.901074030951976,0.940538018428156,20260422_thermal_canonical_v01,DEFAULT_3SCENE,0.0372269680755964,0.0305595164898418,1.0,1.0,287235.0826540046,4089345.045039994,"{""type"":""Polygon"",""coordinates"":[[[30.61296652404838,36.92482932805344],[30.612882336044866,36.92752966317405],[30.60951880821703,36.92746194914216],[30.60960317404135,36.924761579473774],[30.61296652404838,36.92482932805344]]]}"
00000000000000000663,00000000000000000663,0.0221900458803621,0.0216579732393628,0.0349467055108769,0.0259799731346928,0.0409870383615651,1.0,1.0,1.0,22,FF,1.809776508508032,2,F,2,F,1,1,0.8989585332240112,0.9201280463339322,0.0,0.0,1,36.92621327081751,30.61460617732768,43.16732006243883,44.977096570946856,0.8989585332240112,0.9201280463339322,20260422_thermal_canonical_v01,DEFAULT_3SCENE,0.0439047153847495,0.0322340072920119,1.0,1.0,287534.9010000072,4089345.044494125,"{""type"":""Polygon"",""coordinates"":[[[30.61632996006258,36.924896825476964],[30.616245862086373,36.927597225432],[30.612882336044866,36.92752966317405],[30.61296652404838,36.92482932805344],[30.61632996006258,36.924896825476964]]]}"
0000000000000000066e,0000000000000000066e,0.0265207682780035,0.0149285627060691,0.8730265338520312,0.9084355319854158,0.0759075763655077,1.0,1.0,1.0,55,BB,1.0466218952079482,5,B,5,B,1,1,0.092667864556984,0.0732995481743802,0.0033363571341346,0.0033363571341346,1,36.92695133939935,30.65162712523732,51.779902502364976,52.82652439757297,0.8730265338520312,0.9084355319854158,20260422_thermal_canonical_v01,DEFAULT_3SCENE,0.0044484761788461,0.0,1.0,1.0,290834.8666661364,4089345.042301412,"{""type"":""Polygon"",""coordinates"":[[[30.653350357934112,36.925634348460406],[30.653267513293155,36.92833478980735],[30.649903834360877,36.92826827795788],[30.649986768979197,36.92556790128044],[30.653350357934112,36.925634348460406]]]}"
000000000000000006aa,000000000000000006aa,0.0194555414057184,0.024401200216318,0.0111168291959597,0.0166817856706732,0.0349641505154998,1.0,1.0,1.0,22,FF,0.4951880628721696,2,F,2,F,1,1,0.8688266489890619,0.8699344067826178,0.0011121190447115,0.002224238089423,1,36.92958518128599,30.648180554230468,47.22841365215217,47.72360171502432,0.8688266489890619,0.8699344067826178,20260422_thermal_canonical_v01,DEFAULT_3SCENE,0.0994888613645482,0.0867583692409678,1.0,1.0,290535.0501325752,4089644.858763176,"{""type"":""Polygon"",""coordinates"":[[[30.649903834360877,36.92826827795788],[30.649820899687867,36.93096871096258],[30.646457216347596,36.930902032104434],[30.646540241001937,36.92820166377557],[30.649903834360877,36.92826827795788]]]}"
000000000000000006ad,000000000000000006ad,0.027746889758114,0.0236129825617142,0.0593834896630516,0.067158549295099,0.0836113255103064,1.0,1.0,1.0,22,FF,0.4971374793095305,2,F,2,F,1,1,0.912869620578834,0.9025697378806312,0.0,0.0,1,36.9297847797773,30.658277243456595,46.23301355183221,46.73015103114174,0.912869620578834,0.9025697378806312,20260422_thermal_canonical_v01,DEFAULT_3SCENE,0.0,0.0066587302625554,1.0,1.0,291434.9972657905,4089644.859494724,"{""type"":""Polygon"",""coordinates"":[[[30.660000392975043,36.928467719066425],[30.65991781598083,36.9311681720768],[30.65655405171799,36.93110182495432],[30.656636718679454,36.92840136215038],[30.660000392975043,36.928467719066425]]]}"
000000000000000006bb,000000000000000006bb,0.002224238089423,0.0087748373253318,0.0394039041920346,0.0600151771540219,0.0715899377213334,1.0,1.0,1.0,11,UU,1.5958525929010696,1,U,1,U,1,1,0.0,0.0,0.0,0.0,1,36.93070492181413,30.70539819752893,47.47346438481638,49.0693169777175,0.9583718577185424,0.9312099855206462,20260422_thermal_canonical_v01,DEFAULT_3SCENE,0.9583718577185424,0.9312099855206462,1.0,1.0,295634.9079022333,4089644.861201425,"{""type"":""Polygon"",""coordinates"":[[[30.707120611294993,36.929387153325166],[30.707039644333328,36.93208766496846],[30.703675740908075,36.932022675681885],[30.703756797772364,36.92932215406001],[30.707120611294993,36.929387153325166]]]}"
000000000000000006e6,000000000000000006e6,0.0127612885810196,0.0066571171069187,0.0077717161777959,0.0205547742719186,0.0322101715873023,1.0,1.0,1.0,11,UU,3.628810454587661,1,U,1,U,1,1,0.0,0.0,0.0066614710095394,0.0,1,36.93222111047677,30.64473092433389,50.56778247697584,54.1965929315635,0.972805524231645,0.9727881086211626,20260422_thermal_canonical_v01,DEFAULT_3SCENE,0.972805524231645,0.9727881086211626,1.0,1.0,290234.9882512881,4089944.925195335,"{""type"":""Polygon"",""coordinates"":[[[30.646457216347596,36.930902032104434],[30.646374016110492,36.93360697216369],[30.64300453581418,36.93354013723359],[30.64308791381138,36.93083523668864],[30.646457216347596,36.930902032104434]]]}"
000000000000000006e7,000000000000000006e7,0.0339130889869685,0.0339130889869685,0.0033319958829789,0.0183434223610069,0.0428013188423494,1.0,1.0,1.0,11,UU,2.905802668723302,1,U,1,U,1,1,0.0880492995830643,0.0936055335554663,0.0055605952235577,0.0,1,36.93228784860872,30.648097498116048,50.50483845218987,53.41064112091315,0.8691450203234303,0.8541379550965581,20260422_thermal_canonical_v01,DEFAULT_3SCENE,0.8691450203234303,0.8541379550965581,1.0,1.0,290535.05208608165,4089944.9243447552,"{""type"":""Polygon"",""coordinates"":[[[30.649820899687867,36.93096871096258],[30.64973787719854,36.93367361618858],[30.646374016110492,36.93360697216369],[30.646457216347596,36.930902032104434],[30.649820899687867,36.93096871096258]]]}"
000000000000000006f8,000000000000000006f8,0.0077848333129808,0.0144575475812501,0.031662683390611,0.0536390279643423,0.0786377195889956,1.0,1.0,1.0,11,UU,1.4630991463331104,1,U,1,U,1,1,0.0,0.0,0.0,0.0011121190447115,1,36.93340769251363,30.705317149240063,47.77407572910267,49.23717487543572,0.960552483296408,0.930791305409696,20260422_thermal_canonical_v01,DEFAULT_3SCENE,0.960552483296408,0.930791305409696,1.0,1.0,295634.9090373492,4089944.926146878,"{""type"":""Polygon"",""coordinates"":[[[30.707039644333328,36.93208766496846],[30.7069585895976,36.93479272143223],[30.703594596267273,36.934727667834345],[30.703675740908075,36.932022675681885],[30.707039644333328,36.93208766496846]]]}"
