system:index,changeThr,feasible,nAA,nBB,nFF,nGG,nRetained,nUU,purityThr,run_uid,.geo
0,0.05,0,0,5,11,0,23,7,0.7,20260422_unified_canonical_v02,"{""type"":""MultiPoint"",""coordinates"":[]}"
1,0.05,0,0,5,11,0,23,7,0.75,20260422_unified_canonical_v02,"{""type"":""MultiPoint"",""coordinates"":[]}"
2,0.05,0,0,5,11,0,23,7,0.8,20260422_unified_canonical_v02,"{""type"":""MultiPoint"",""coordinates"":[]}"
3,0.05,0,0,5,11,0,23,7,0.85,20260422_unified_canonical_v02,"{""type"":""MultiPoint"",""coordinates"":[]}"
4,0.05,0,0,5,8,0,19,6,0.9,20260422_unified_canonical_v02,"{""type"":""MultiPoint"",""coordinates"":[]}"
5,0.05,0,0,4,6,0,15,5,0.95,20260422_unified_canonical_v02,"{""type"":""MultiPoint"",""coordinates"":[]}"
6,0.1,1,5,20,24,0,98,49,0.7,20260422_unified_canonical_v02,"{""type"":""MultiPoint"",""coordinates"":[]}"
7,0.1,1,5,17,24,0,95,49,0.75,20260422_unified_canonical_v02,"{""type"":""MultiPoint"",""coordinates"":[]}"
8,0.1,1,5,17,20,0,91,49,0.8,20260422_unified_canonical_v02,"{""type"":""MultiPoint"",""coordinates"":[]}"
9,0.1,1,4,15,17,0,83,47,0.85,20260422_unified_canonical_v02,"{""type"":""MultiPoint"",""coordinates"":[]}"
10,0.1,1,2,12,12,0,64,38,0.9,20260422_unified_canonical_v02,"{""type"":""MultiPoint"",""coordinates"":[]}"
11,0.1,0,0,5,6,0,20,9,0.95,20260422_unified_canonical_v02,"{""type"":""MultiPoint"",""coordinates"":[]}"
12,0.15,1,19,38,39,0,245,149,0.7,20260422_unified_canonical_v02,"{""type"":""MultiPoint"",""coordinates"":[]}"
13,0.15,1,17,32,35,0,230,146,0.75,20260422_unified_canonical_v02,"{""type"":""MultiPoint"",""coordinates"":[]}"
14,0.15,1,13,28,25,0,203,137,0.8,20260422_unified_canonical_v02,"{""type"":""MultiPoint"",""coordinates"":[]}"
15,0.15,1,10,24,18,0,162,110,0.85,20260422_unified_canonical_v02,"{""type"":""MultiPoint"",""coordinates"":[]}"
16,0.15,1,2,16,12,0,83,53,0.9,20260422_unified_canonical_v02,"{""type"":""MultiPoint"",""coordinates"":[]}"
17,0.15,0,0,5,6,0,20,9,0.95,20260422_unified_canonical_v02,"{""type"":""MultiPoint"",""coordinates"":[]}"
18,0.2,1,27,53,42,0,402,280,0.7,20260422_unified_canonical_v02,"{""type"":""MultiPoint"",""coordinates"":[]}"
19,0.2,1,24,44,36,0,361,257,0.75,20260422_unified_canonical_v02,"{""type"":""MultiPoint"",""coordinates"":[]}"
20,0.2,1,17,37,25,0,296,217,0.8,20260422_unified_canonical_v02,"{""type"":""MultiPoint"",""coordinates"":[]}"
21,0.2,1,10,25,18,0,192,139,0.85,20260422_unified_canonical_v02,"{""type"":""MultiPoint"",""coordinates"":[]}"
22,0.2,1,2,16,12,0,83,53,0.9,20260422_unified_canonical_v02,"{""type"":""MultiPoint"",""coordinates"":[]}"
23,0.2,0,0,5,6,0,20,9,0.95,20260422_unified_canonical_v02,"{""type"":""MultiPoint"",""coordinates"":[]}"
