system:index,acquisition_trt,acquisition_utc,aoi_clear_frac,core_clear_frac,date_utc,doy,historical_aoi_clear_min,land_cloud_pct,landsat_scene_id,lst_C_ff,lst_C_uu,model_core_clear_min,model_scene_keep_core95,month,ndmi_ff,ndmi_uu,ndvi_ff,ndvi_uu,precip_prev30d_mm_aoi,precip_prev7d_mm_aoi,rh2m_pct_aoi,run_uid,s0_member,s1_member,s2_current_member,s2_membership_mismatch,s2_recomputed_aoi95,s3_member,scene_cloud_pct,scene_id,sensor,sm_0_7_aoi,sm_0_7_ff_background,sm_100_289_aoi,sm_100_289_ff_background,sm_28_100_aoi,sm_28_100_ff_background,sm_7_28_aoi,sm_7_28_ff_background,sm_root_0_100_aoi,sm_root_0_100_ff_background,ssrd_prev3h_Wm2_aoi,st_atran_ff,st_atran_uu,st_cdist_km_ff,st_cdist_km_uu,st_emis_ff,st_emis_uu,st_qa_K_ff,st_qa_K_uu,sun_elevation_deg,system_index,t2m_C_aoi,t2m_localday_max_C_aoi,td2m_C_aoi,u10_mps_aoi,v10_mps_aoi,vpd_kPa_aoi,wind10_mps_aoi,wrs_path,wrs_row,year,.geo
0,2017-06-09T11:33:53.906,2017-06-09T08:33:53.906,0.9863104763418816,0.9725836730448222,2017-06-09,160,0.95,17.49,LC81780342017160LGN00,32.0323119616344,39.9741458625953,0.95,1,6,0.1804674046472489,-0.0025625916611046,0.5976408497140253,0.1594040652335596,89.20086099909639,4.957884004061249,54.24167387512909,20260919_revision_master_v02,0,0,0,1,1,0,16.01,LC08_L2SP_178034_20170609_20200903_02_T1,LANDSAT_8,0.2866742183593497,0.334418099373579,0.375889701233513,0.3774465583264828,0.3130965864863889,0.3357941247522831,0.3102095141664319,0.3371435441076755,0.3106407340744446,0.3359811697155237,615.3711674131196,0.7288271005795401,0.7296387873303172,2.493452709637148,3.928147305834263,0.9828357808631658,0.9716996972916244,2.544641064544559,2.340173449625112,67.20076638,1_LC08_178034_20170609,26.84665470013673,27.69790515680423,16.799533833032367,-1.081374785852158,1.1830128206946384,1.6200956962574489,1.6333110897705472,178.0,34.0,2017,"{""type"":""MultiPoint"",""coordinates"":[]}"
1,2017-06-25T11:33:59.279,2017-06-25T08:33:59.279,1.0,1.0,2017-06-25,176,0.95,0.81,LC81780342017176LGN00,45.17772670819637,49.59794937872567,0.95,1,6,0.1746769840643963,-0.0068662321427734,0.59533801554338,0.1560140485196413,48.16699652288152,15.052717910415824,29.46323329004748,20260919_revision_master_v02,1,1,1,0,1,1,0.82,LC08_L2SP_178034_20170625_20200903_02_T1,LANDSAT_8,0.2236294718138102,0.2664984259754419,0.370102774822849,0.3724826537072658,0.2905696145761972,0.3104776814579963,0.2613197848971548,0.3014142448082566,0.2797413322774842,0.3054958041757345,642.825637466606,0.7498780659776422,0.7487101266462082,10.157504950309878,10.299786052501982,0.9826548328349934,0.9719059673977538,2.0557932769298075,2.182410066037863,66.93877175,1_LC08_178034_20170625,33.11073254990852,35.19053465744545,12.8979341846773,0.5959664538673971,-2.437839758807215,3.573779855651417,2.5182196682897104,178.0,34.0,2017,"{""type"":""MultiPoint"",""coordinates"":[]}"
2,2017-07-11T11:34:02.132,2017-07-11T08:34:02.132,1.0,1.0,2017-07-11,192,0.95,0.62,LC81780342017192LGN00,46.75208177782775,50.86566304044353,0.95,1,7,0.1561816211533691,-0.003958569128548,0.5622824002293464,0.146746622718572,18.266120694149496,0.0044055375572957,20.540722614047173,20260919_revision_master_v02,1,1,1,0,1,1,0.87,LC08_L2SP_178034_20170711_20200903_02_T1,LANDSAT_8,0.1398683714883766,0.1505020428448915,0.3633784196157565,0.3661020696163177,0.2671307786100212,0.2818731553852558,0.2049269632532679,0.2201438127085566,0.2451596135466263,0.2597140343859792,624.4108876195447,0.7351393385404238,0.7362688760096157,23.095071782415463,25.483263406442163,0.9826021655121804,0.971906010076138,1.755196270727597,1.8157830641733064,65.570409,1_LC08_178034_20170711,36.64769634159132,38.47474030242569,10.350625301229542,0.3974827453065878,-0.7433030860519958,4.897234553578255,0.9362359583035283,178.0,34.0,2017,"{""type"":""MultiPoint"",""coordinates"":[]}"
3,2017-07-27T11:34:09.571,2017-07-27T08:34:09.571,0.8987503543206117,1.0,2017-07-27,208,0.95,5.22,LC81780342017208LGN00,35.49241616358191,41.714366766574166,0.95,1,7,0.1715157019260979,0.0055587824589662,0.5578178121913279,0.1560924818779069,0.475368390341514,0.0977262333249566,58.59873003247141,20260919_revision_master_v02,0,0,0,0,0,0,5.69,LC08_L2SP_178034_20170727_20200903_02_T1,LANDSAT_8,0.1344164877102293,0.1396759338676929,0.3564498530722212,0.3591983616352081,0.2485132546688633,0.2586743719875812,0.1819459616966631,0.1892567668110132,0.2265473416653173,0.2357667703181505,567.970019636483,0.650610835509448,0.6339474882466083,2.027425184277764,1.920835006376505,0.982571227887254,0.9719068046348543,3.024821707021149,3.1904733091741697,63.31386745,1_LC08_178034_20170727,30.02196544888376,30.68281456519817,20.997694125120667,-1.6523941114716143,2.311951129258364,1.76207717705047,2.8612211476797342,178.0,34.0,2017,"{""type"":""MultiPoint"",""coordinates"":[]}"
4,2017-08-12T11:34:15.860,2017-08-12T08:34:15.860,0.9999869622285706,1.0,2017-08-12,224,0.95,2.74,LC81780342017224LGN00,37.17612236697299,41.80084851766735,0.95,1,8,0.1827123291267976,0.0025932249646904,0.5742646099717224,0.1620936031398056,8.033977809993699,1.022620226117386,53.78671299726114,20260919_revision_master_v02,1,1,1,0,1,1,2.94,LC08_L2SP_178034_20170812_20200903_02_T1,LANDSAT_8,0.1424486683788655,0.1574213206768036,0.3497436406283543,0.3524663150310516,0.2351198910211009,0.2428484419360757,0.173356443857667,0.1813265047967434,0.2156625848220682,0.2239489322528243,534.9677971149313,0.6091642556066496,0.606209545226881,8.094070171665289,8.595778442786125,0.9826260946204696,0.9719068262686706,2.394973080133083,2.5705788013855724,60.24502535,1_LC08_178034_20170812,32.81533188655458,33.748388794646864,22.12084655652101,-0.6483451725765207,2.204772226426793,2.306967581140584,2.332355146778041,178.0,34.0,2017,"{""type"":""MultiPoint"",""coordinates"":[]}"
5,2017-08-28T11:34:19.660,2017-08-28T08:34:19.660,1.0,1.0,2017-08-28,240,0.95,0.17,LC81780342017240LGN00,38.81982100148944,42.20043555449391,0.95,1,8,0.1881828846072908,0.0026278544685895,0.5818741696882533,0.1512699581633181,9.300898669779984,2.113876806079656,25.33087649838678,20260919_revision_master_v02,0,1,1,0,1,1,0.16,LC08_L2SP_178034_20170828_20200903_02_T1,LANDSAT_8,0.1384331877503929,0.1509421896189451,0.3434827827859199,0.3460928797721863,0.2253564573053656,0.2313772682100534,0.1671820250821524,0.1732589937746524,0.2070551956950248,0.2135419705882668,538.8573980221803,0.7725531171172035,0.7696811199919201,15.365509653980933,18.837258431506243,0.982849666979154,0.97190637549402,1.819689211714273,1.787018750710254,56.36611033,1_LC08_178034_20170828,32.847304190712414,34.21899317598891,10.3713486660486,-0.4654768660407641,0.4384880885481834,3.727035561512256,0.7593283052074498,178.0,34.0,2017,"{""type"":""MultiPoint"",""coordinates"":[]}"
6,2018-06-12T11:33:05.254,2018-06-12T08:33:05.254,1.0,1.0,2018-06-12,163,0.95,30.3,LC81780342018163LGN00,30.396862366490417,42.47262524286238,0.95,1,6,0.2008228475300375,0.0060271834643279,0.581661698154231,0.1675697060207596,17.70480856402167,7.0279717829035615,39.47624094732876,20260919_revision_master_v02,0,0,0,1,1,0,28.04,LC08_L2SP_178034_20180612_20200831_02_T1,LANDSAT_8,0.2109195403326517,0.2041720831766724,0.3723151077484262,0.3725915253162384,0.2541032524287015,0.255005020648241,0.1933588833473194,0.2038799468427896,0.2383240753806185,0.2407104419544339,623.7666689116379,0.6353995378152213,0.6288488703696676,4.460805538736322,7.4054321165364,0.9828467601478448,0.9719069985815948,2.538749623028353,2.425371769132658,67.12312378,1_LC08_178034_20180612,30.222214896103427,31.967762552458662,14.893254038931309,0.4483986717659509,-0.0123567329398516,2.60254703307974,0.7959771829432454,178.0,34.0,2018,"{""type"":""MultiPoint"",""coordinates"":[]}"
7,2018-06-28T11:33:15.627,2018-06-28T08:33:15.627,0.7063189493594552,0.6379150217696039,2018-06-28,179,0.95,14.88,LC81780342018179LGN00,33.34873667514824,40.273923210200834,0.95,0,6,0.1942532819280789,0.0118197856007342,0.5843128576265968,0.1714551123796832,49.92840142085634,3.1162792173610336,59.54494127733954,20260919_revision_master_v02,0,0,0,0,0,0,13.66,LC08_L2SP_178034_20180628_20200831_02_T1,LANDSAT_8,0.2011507818496775,0.2502385694533586,0.3648327328692907,0.3653233051300049,0.245612402071898,0.249716430902481,0.2360162076850731,0.2694181762635708,0.2404848908812835,0.2538903532549739,561.6103245526895,0.6737328844024079,0.667513096921597,0.341822498313327,0.8868197144539443,0.9826313453925162,0.9718533813604956,4.785191007803242,4.01247415793102,66.65333406,1_LC08_178034_20180628,26.258158864646123,26.83512512294725,17.73309729565149,-2.101983722599073,1.9749618703606489,1.3837984971616462,2.9103188281771777,178.0,34.0,2018,"{""type"":""MultiPoint"",""coordinates"":[]}"
8,2018-07-14T11:33:23.590,2018-07-14T08:33:23.590,1.0,1.0,2018-07-14,195,0.95,6.91,LC81780342018195LGN00,47.595680406916365,52.13481793553985,0.95,1,7,0.1774117068524003,-0.0031793061383375,0.5719987480502983,0.1642769295972545,37.81388485020605,0.0329886200869905,29.37908094778828,20260919_revision_master_v02,0,0,0,1,1,0,6.33,LC08_L2SP_178034_20180714_20200831_02_T1,LANDSAT_8,0.1380588701101897,0.1479713311418891,0.3571332110755745,0.3576452136039734,0.2339964274359845,0.2377420216798782,0.1916550560158559,0.2055103024467826,0.2183891050517559,0.2246894054114818,608.8019700324398,0.6136228614310679,0.6185165758803993,11.376300604791096,9.441465021823214,0.9828150047574412,0.9719070415966924,2.3661564321298987,2.4299482471979146,65.12976824,1_LC08_178034_20180714,34.77028741507694,37.58929434589956,14.283969284474164,0.9028466453497436,-3.2523082638609,3.92439647584126,3.378418421608277,178.0,34.0,2018,"{""type"":""MultiPoint"",""coordinates"":[]}"
9,2018-07-30T11:33:30.572,2018-07-30T08:33:30.572,0.6400702833024219,0.6468692882652175,2018-07-30,211,0.95,12.64,LC81780342018211LGN00,35.54425554643424,41.32900266049917,0.95,0,7,0.1763868186359373,0.0107351636961568,0.5473656510257385,0.1760529564531747,9.966260074198932,9.433999942637035,45.94787549424445,20260919_revision_master_v02,0,0,0,0,0,0,11.85,LC08_L2SP_178034_20180730_20200831_02_T1,LANDSAT_8,0.1714277144564294,0.216114810667932,0.3499989958330132,0.3505637608468532,0.2245993071246421,0.2278102189302444,0.1781861312344841,0.1918615661561489,0.2111305202218308,0.2194423163309693,577.8149075562927,0.5610511799196783,0.5505319002981972,0.2688949397590361,0.5751573518839869,0.9818612080321276,0.9714832825840012,5.323599196787142,4.515069782139851,62.74774966,1_LC08_178034_20180730,31.043560778957676,31.93559014660189,17.975094247138365,-0.8150648162111467,2.20328838455266,2.437984095907759,2.370783176915399,178.0,34.0,2018,"{""type"":""MultiPoint"",""coordinates"":[]}"
10,2018-08-15T11:33:39.837,2018-08-15T08:33:39.837,1.0,1.0,2018-08-15,227,0.95,0.04,LC81780342018227LGN00,43.4932614704143,46.79346913479251,0.95,1,8,0.1887496833505784,0.0011090134397017,0.5776188746798248,0.1491068514764731,10.766807475309262,0.0049831432814913,16.837105383818177,20260919_revision_master_v02,0,0,0,1,1,0,0.04,LC08_L2SP_178034_20180815_20200831_02_T1,LANDSAT_8,0.1323056082273351,0.1365476315841078,0.343116811979776,0.3435621559619903,0.2162664466719517,0.2185980807989835,0.1664069208862452,0.1728137973695993,0.1999186917539985,0.2032398506999015,581.1245138234106,0.8151175861657891,0.8173971030047426,15.00534785424231,19.820657373385345,0.9826435026452336,0.971905506353354,1.8489133397701003,1.7790939892504412,59.55137325,1_LC08_178034_20180815,34.342113944305765,36.07253195225507,5.537259149825436,-0.3343743607749755,-0.2978796895978779,4.512454497403112,0.4653395089352953,178.0,34.0,2018,"{""type"":""MultiPoint"",""coordinates"":[]}"
11,2018-08-31T11:33:46.841,2018-08-31T08:33:46.841,1.0,1.0,2018-08-31,243,0.95,5.68,LC81780342018243LGN00,37.55261825562281,41.99692994589099,0.95,1,8,0.2088920243255844,0.0070698019014945,0.5834337591417014,0.1617542845201088,2.132200527807762,0.9812679969031236,34.503732467519825,20260919_revision_master_v02,0,0,0,1,1,0,5.22,LC08_L2SP_178034_20180831_20200831_02_T1,LANDSAT_8,0.1355340156661368,0.1436714017763734,0.3368772230614191,0.3371915519237518,0.2100463119474636,0.2115392237901687,0.1605469102746453,0.1634356090798974,0.194435585632749,0.1966867232695222,513.4702899099767,0.6648218984876686,0.6542431837064506,12.669496155473626,13.36511340076012,0.9828619271492072,0.9719071053196447,2.172481724180651,2.254908914899972,55.55905301,1_LC08_178034_20180831,33.509966652968835,35.41766392499552,15.659851482544822,-0.2062132329969057,0.4230800320276584,3.3943252549774345,0.7269060165546407,178.0,34.0,2018,"{""type"":""MultiPoint"",""coordinates"":[]}"
12,2019-06-15T11:34:03.424,2019-06-15T08:34:03.424,1.0,1.0,2019-06-15,166,0.95,32.14,LC81780342019166LGN00,37.61113031424768,43.90378912708497,0.95,1,6,0.2084692411195453,0.0012278975303384,0.5974197671462553,0.171090568369332,9.09960898448681,5.371760205975894,37.78255331653288,20260919_revision_master_v02,0,0,0,1,1,0,29.56,LC08_L2SP_178034_20190615_20200828_02_T1,LANDSAT_8,0.1689306635452413,0.2128068385645747,0.370864428751085,0.3732021749019623,0.2647719285611448,0.2704465426504612,0.2008401303198831,0.2124485466629266,0.244637366512726,0.254232176579535,616.3738987363619,0.6315630280233121,0.634585138999373,9.36041514806512,8.985327575539472,0.9826292158288364,0.971906246785441,2.295228766268238,2.467513053945644,67.26633877,1_LC08_178034_20190615,29.832995299635265,30.1493310818727,13.849683947946833,-0.4717637917947495,1.2985937531994678,2.6185505910851488,1.420570109253642,178.0,34.0,2019,"{""type"":""MultiPoint"",""coordinates"":[]}"
13,2019-07-01T11:34:08.132,2019-07-01T08:34:08.132,1.0,1.0,2019-07-01,182,0.95,1.29,LC81780342019182LGN00,39.90954178574136,45.788813062972814,0.95,1,7,0.1857721572682888,-0.0024493711609696,0.6014681640398709,0.1527890962091764,15.62946695842962,0.4893492828390892,26.453496269796084,20260919_revision_master_v02,0,0,0,1,1,0,1.18,LC08_L2SP_178034_20190701_20200827_02_T1,LANDSAT_8,0.1438059080392122,0.1645962726324796,0.3632247682617999,0.3655588682740927,0.2479825692957845,0.2531941654160619,0.1876818575393194,0.2035240931436419,0.228027044827568,0.2365615898743271,648.0053547826307,0.8277420660617932,0.8279029132416675,9.832769952612612,9.815252833651105,0.9828017765008152,0.9719059786776424,2.024515196925309,2.132715944627536,66.59006763,1_LC08_178034_20190701,28.99414195685551,32.28747879225632,7.790584550506767,0.2558522958672423,-3.5691768629797576,2.9475505386275804,3.5790763086286086,178.0,34.0,2019,"{""type"":""MultiPoint"",""coordinates"":[]}"
14,2019-07-17T11:34:10.814,2019-07-17T08:34:10.814,0.0,0.0,2019-07-17,198,0.95,92.5,LC81780342019198LGN00,,,0.95,0,7,,,,,8.69250079338578,1.5712420769121451,55.44372110257204,20260919_revision_master_v02,0,0,0,0,0,0,93.14,LC08_L2SP_178034_20190717_20200827_02_T1,LANDSAT_8,0.1409159505247384,0.1560737751424312,0.3555465234422135,0.3576133549213409,0.2337637682413232,0.2373317927122116,0.172024672358543,0.1783100040629506,0.2142992144257857,0.2192491656169295,452.8338281039534,,,,,,,,,64.90034915,1_LC08_178034_20190717,26.42532023068132,26.93794221987669,16.767316842901295,-1.140940271746153,1.274352470348621,1.537917459833211,1.7531082482858635,178.0,34.0,2019,"{""type"":""MultiPoint"",""coordinates"":[]}"
15,2019-08-02T11:34:17.529,2019-08-02T08:34:17.529,0.8847624105608883,0.9438386325023403,2019-08-02,214,0.95,3.85,LC81780342019214LGN00,36.81220058292998,42.92263260137216,0.95,0,8,0.2094046690846687,0.0051334487807272,0.5901526953525698,0.1777593892140572,3.17519365268192,0.0303091660313222,53.90038390543268,20260919_revision_master_v02,0,0,0,0,0,0,3.63,LC08_L2SP_178034_20190802_20200827_02_T1,LANDSAT_8,0.1319200848282753,0.1350717479363083,0.3482485418689662,0.3500186298042536,0.2228410180187088,0.2250558165833354,0.1641820209721724,0.166859065182507,0.2041581631049342,0.2065356206148862,559.3199676864449,0.5566638526936051,0.5434868164580121,0.8585968926323105,1.2887789918380568,0.9826875523621216,0.9717385507071724,4.075366646744264,3.732172838988707,62.36308241,1_LC08_178034_20190802,31.98536789554289,33.01002704138043,21.394255018782346,-0.6508794374250132,1.794705300152987,2.198196214505996,1.9533575262831544,178.0,34.0,2019,"{""type"":""MultiPoint"",""coordinates"":[]}"
16,2019-08-18T11:34:22.824,2019-08-18T08:34:22.824,1.0,1.0,2019-08-18,230,0.95,22.4,LC81780342019230LGN00,40.10187136778551,43.74581215312852,0.95,1,8,0.2124753706184077,0.0016837313999084,0.6000109803735366,0.159496535472403,1.9646373009202125,1.453544264552237,32.33379205067953,20260919_revision_master_v02,0,0,0,1,1,0,20.73,LC08_L2SP_178034_20190818_20200827_02_T1,LANDSAT_8,0.1384389471134235,0.1493547726422548,0.3414977942218726,0.3429457247257232,0.2146334762888393,0.2158501893281936,0.1598163393122711,0.1608696673065424,0.1977882597638272,0.1996495965868234,556.1378280815037,0.7327137991495023,0.7333152306274217,14.015157276078844,16.21453842106813,0.9830480999459996,0.9719074699799224,1.9680857788760329,1.971964645125443,59.01433775,1_LC08_178034_20190818,29.62561919771392,32.93066432558256,11.323550402433025,1.885850837175873,-5.052342762892274,2.8130999036218927,5.393452923873375,178.0,34.0,2019,"{""type"":""MultiPoint"",""coordinates"":[]}"
17,2020-06-01T11:33:43.918,2020-06-01T08:33:43.918,0.0,0.0,2020-06-01,153,0.95,91.23,LC81780342020153LGN00,,,0.95,0,6,,,,,88.24374529959141,6.432325489219577,51.28976054575251,20260919_revision_master_v02,0,0,0,0,0,0,90.91,LC08_L2SP_178034_20200601_20200825_02_T1,LANDSAT_8,0.2297903493731871,0.2857966925948858,0.3825683319705655,0.3863826394081116,0.3060684282889311,0.3244563639163971,0.2557469818783902,0.2780314395204186,0.2901614505326611,0.3120009414851665,534.968314335264,,,,,,,,,66.8193085,1_LC08_178034_20200601,19.851467209300772,20.035943283431838,9.43598538431628,-0.9368258293332724,2.334053510907052,1.1327678066218037,2.5238924478662423,178.0,34.0,2020,"{""type"":""MultiPoint"",""coordinates"":[]}"
18,2020-06-17T11:33:53.831,2020-06-17T08:33:53.831,0.8213991481852997,0.9216566693249194,2020-06-17,169,0.95,16.16,LC81780342020169LGN00,31.83347993680713,38.00204400397521,0.95,0,6,0.16711538641051,0.0110521640417328,0.5496903845101968,0.1648473386215038,17.71451402669665,1.6570297851302156,55.493292019285,20260919_revision_master_v02,0,0,0,0,0,0,16.65,LC08_L2SP_178034_20200617_20200823_02_T1,LANDSAT_8,0.1764582008465953,0.2218490364030003,0.3756044962625394,0.3798216879367828,0.2815303203874621,0.2965767458081245,0.2237985143973224,0.249640635214746,0.2620515998923915,0.2814892306923866,444.0667069533776,0.7105546192806466,0.7055785839363097,0.7183115977489607,1.3895110664393582,0.9826067499388312,0.971931258595764,4.063386665035472,3.3386077406767702,67.21418657,1_LC08_178034_20200617,26.059456616982644,27.403181426826563,16.424079588089867,-1.3006695217784794,1.7255012865724235,1.5057504893034352,2.1733804673984136,178.0,34.0,2020,"{""type"":""MultiPoint"",""coordinates"":[]}"
19,2020-07-03T11:34:01.658,2020-07-03T08:34:01.658,0.9999826163047608,1.0,2020-07-03,185,0.95,3.95,LC81780342020185LGN00,45.29274117022602,50.026568810511634,0.95,1,7,0.1544655610382371,0.0002749464327595861,0.5595314005787806,0.1566362177652849,7.097214964271962,0.0072884731926023,20.510613394879748,20260919_revision_master_v02,0,0,0,1,1,0,4.33,LC08_L2SP_178034_20200703_20200913_02_T1,LANDSAT_8,0.1403526010998021,0.1546808565035462,0.3679534404099673,0.37216791883111,0.2598970055408861,0.2710895072668791,0.1949326099249823,0.2109515909105539,0.237886384514899,0.250311953946948,639.24569316294,0.7593465817730402,0.7588506025059865,14.92442395225259,19.13710120332841,0.9826789328370968,0.9719071055721796,1.8824302690116557,1.853956294640788,66.34396141,1_LC08_178034_20200703,35.322147029569784,36.07728392502357,9.195942201833615,0.1103279057076607,0.133087510028961,4.5578173892251375,0.6254953514227921,178.0,34.0,2020,"{""type"":""MultiPoint"",""coordinates"":[]}"
20,2020-07-19T11:34:07.494,2020-07-19T08:34:07.494,0.9688935646105596,1.0,2020-07-19,201,0.95,2.47,LC81780342020201LGN00,37.37345127601549,44.23351517039674,0.95,1,7,0.1655735207589511,0.0039314451126331,0.5645016830970541,0.1645086263288059,3.654764171646929,0.0091594269903291,53.89167737412726,20260919_revision_master_v02,0,0,0,1,1,0,2.27,LC08_L2SP_178034_20200719_20200911_02_T1,LANDSAT_8,0.1332732801721698,0.1373162679374218,0.3601433747801287,0.3640453740954399,0.2425205481891659,0.2499668421223759,0.1764835109827162,0.1832373384386301,0.2210054635659031,0.2280681068077683,595.2595860272988,0.6258030045517136,0.6059521720940608,6.12150872820869,4.708701600649855,0.9827000046756196,0.9719074816807024,2.502804505424888,2.753529510797974,64.50450217,1_LC08_178034_20200719,30.8849794453588,32.248087126633216,20.42948541422,-0.9737043589696116,2.02772631795927,2.061337179836185,2.2774998066069068,178.0,34.0,2020,"{""type"":""MultiPoint"",""coordinates"":[]}"
21,2020-08-04T11:34:11.364,2020-08-04T08:34:11.364,1.0,1.0,2020-08-04,217,0.95,0.3,LC81780342020217LGN00,38.40487161074613,46.019554118309934,0.95,1,8,0.2000710672661811,0.0035463457785983,0.594526995477493,0.1642360324138163,0.6049069459496559,0.5434169039670806,24.44834714648367,20260919_revision_master_v02,0,0,0,1,1,0,0.27,LC08_L2SP_178034_20200804_20200915_02_T1,LANDSAT_8,0.1346674243780388,0.142320355400443,0.3526195890602024,0.3561079129576683,0.2293614164936817,0.2342193191871047,0.1667895740133592,0.1697697034105658,0.2095927482620738,0.2142519643530249,579.914505531048,0.7244754452941037,0.7273413267337561,15.097927368959969,18.86510626244259,0.982839306044872,0.971907760310785,1.9664700257860284,1.9430335913397423,61.82944232,1_LC08_178034_20200804,35.04628740507981,37.40133912535919,11.655024333931932,-0.2125454513762874,-0.9508523300461384,4.264158451694181,0.9906616173256402,178.0,34.0,2020,"{""type"":""MultiPoint"",""coordinates"":[]}"
22,2020-08-20T11:34:17.371,2020-08-20T08:34:17.371,0.9918732588184076,1.0,2020-08-20,233,0.95,0.67,LC81780342020233LGN00,36.981548123903565,43.33125238726818,0.95,1,8,0.2011124104157241,0.0095244286064673,0.5945556495299824,0.1585801347929456,0.7868429571390153,0.0059948456473648,44.110766597177786,20260919_revision_master_v02,0,0,0,1,1,0,1.28,LC08_L2SP_178034_20200820_20200905_02_T1,LANDSAT_8,0.1311975633832572,0.133659228682518,0.3455978252593128,0.348630091175437,0.2196643526783619,0.2226998442783951,0.161527699865829,0.1628137258812785,0.2012629787298454,0.2038909178227186,547.6657346528151,0.6646024023321999,0.6416841950242224,6.810750015780206,5.256072519581966,0.9828970125142896,0.971907717379866,2.3343699021159305,2.6481175633757243,58.34208606,1_LC08_178034_20200820,30.576151173690278,31.370579637330152,16.934108287438576,-1.4190480734767583,1.617479345579257,2.45414554730229,2.184203427755969,178.0,34.0,2020,"{""type"":""MultiPoint"",""coordinates"":[]}"
23,2021-06-04T11:33:59.969,2021-06-04T08:33:59.969,1.0,1.0,2021-06-04,155,0.95,35.96,LC81780342021155LGN00,37.84244939700482,43.79158303041708,0.95,1,6,0.1808793331033361,-0.0057452156188677,0.5893214204840129,0.152057728542284,10.253565943104098,7.5574640693335695,30.90112077230695,20260919_revision_master_v02,0,0,0,1,1,0,32.9,LC08_L2SP_178034_20210604_20210614_02_T1,LANDSAT_8,0.1809663497254081,0.2234608735889196,0.3686241170113113,0.3705943860113621,0.2566733970039192,0.2582931257784366,0.1916222042650326,0.1999877924099564,0.2377131495239405,0.2436107452958822,649.9647920104279,0.7857589006220781,0.7867513968121685,17.26189491082429,20.16373962818456,0.9830043069449282,0.9719071913498396,1.744795172892637,1.7490938208938938,67.01328043,1_LC08_178034_20210604,26.56804215771028,28.372105105169886,7.961099957597667,0.0763821133423125,-1.8917681057562767,2.4056325520592177,1.9084940186177175,178.0,34.0,2021,"{""type"":""MultiPoint"",""coordinates"":[]}"
24,2021-06-20T11:34:05.482,2021-06-20T08:34:05.482,0.5607190319013298,0.5895860060330779,2021-06-20,171,0.95,10.48,LC81780342021171LGN00,31.90495801957065,38.805540697851214,0.95,0,6,0.1899179203430402,0.0019657859351067,0.5723464473662614,0.1749696229583649,29.54022984395081,13.797590113234245,53.76290594298264,20260919_revision_master_v02,0,0,0,0,0,0,10.72,LC08_L2SP_178034_20210620_20210629_02_T1,LANDSAT_8,0.2009886191065969,0.2557417619973421,0.3613611082921082,0.3633049130439758,0.2441152094424455,0.2469781972467899,0.2051537195755832,0.2506079813465476,0.2329144361803586,0.2483538957312703,615.5108709225709,0.6495327501293999,0.6466203444782158,0.759015318071635,0.7441171190387311,0.9825730116999531,0.9698578545654905,4.145198253463104,4.155874189018651,67.16191831,1_LC08_178034_20210620,27.151402172000928,27.73242790397556,16.94081493355762,-1.0333451385470642,1.9689935740383195,1.666031366449663,2.243175608673315,178.0,34.0,2021,"{""type"":""MultiPoint"",""coordinates"":[]}"
25,2021-07-06T11:34:08.146,2021-07-06T08:34:08.146,0.9790265716939722,1.0,2021-07-06,187,0.95,16.59,LC81780342021187LGN00,40.5750295150336,45.50673741017248,0.95,1,7,0.1710907012097058,-0.0027058139766747,0.5672783379337198,0.1596879553604315,22.455169178973662,0.1863808174906619,24.780339257470487,20260919_revision_master_v02,0,0,0,1,1,0,15.17,LC08_L2SP_178034_20210706_20210713_02_T1,LANDSAT_8,0.1358286387704569,0.1452446784824133,0.3539269432939332,0.355705052614212,0.2318769830396805,0.2349609136581421,0.1795066656309298,0.1981607601046562,0.2141558363519865,0.2209527473896742,623.5470261847836,0.7129714691491088,0.7115981056521503,2.1020954480527214,2.4201530697711604,0.982704809340015,0.97191378082503,2.7906120850681804,2.7423290949573005,66.1091281,1_LC08_178034_20210706,32.57855215839956,33.78379308766332,9.793214711649664,0.5610563230925593,-0.8822285378801412,3.7007109262477393,1.1160159230917348,178.0,34.0,2021,"{""type"":""MultiPoint"",""coordinates"":[]}"
26,2021-07-22T11:34:12.326,2021-07-22T08:34:12.326,0.9933595988470316,0.9747346287774844,2021-07-22,203,0.95,5.76,LC81780342021203LGN00,37.74566252380166,43.78579118657786,0.95,1,7,0.1809626105634422,0.0035541686489105,0.5587227618498187,0.1626281879919371,1.1769215873945718,0.008239168852391,32.60967984692804,20260919_revision_master_v02,0,0,0,1,1,0,7.55,LC08_L2SP_178034_20210722_20210729_02_T1,LANDSAT_8,0.1316340735032298,0.134816369973123,0.3466401401607469,0.3481338024139404,0.2210724160246465,0.2231554090976715,0.1660991526883224,0.1729816785082221,0.2032673505359682,0.2064351979643106,568.4439013250943,0.5938632085021424,0.5874828140023669,5.836835051233077,3.16490052294863,0.9826027614196128,0.9718822090242846,2.559007483325601,3.109025976573216,64.11607226,1_LC08_178034_20210722,34.266184532779384,35.448194218778056,15.448354353849917,0.0680707235360282,-1.0242743310572089,3.644604636334825,1.0478940434839534,178.0,34.0,2021,"{""type"":""MultiPoint"",""coordinates"":[]}"
27,2021-08-07T11:34:19.876,2021-08-07T08:34:19.876,0.2465351909391007,0.3303326861065843,2021-08-07,219,0.95,33.89,LC81780342021219LGN00,29.91284764225103,36.786866477893845,0.95,0,8,0.2490793167574,0.0461712621027495,0.5406432897556969,0.1939444057949121,0.3248567300281305,0.1271596345408209,51.25092859377806,20260919_revision_master_v02,0,0,0,0,0,0,33.19,LC08_L2SP_178034_20210807_20210811_02_T1,LANDSAT_8,0.1331018133881105,0.1342426296323537,0.3399402882860994,0.3410736918449402,0.2127378112797079,0.2137430105358362,0.1599192781181171,0.1624146495014429,0.1960714017094552,0.1973990341648459,507.3317157263044,0.5633354003383352,0.5441083664096679,0.4865033057594705,0.2111284376733108,0.9828873092980324,0.9671616002783836,4.715708255086681,5.682715449276305,61.29941392,1_LC08_178034_20210807,30.803747780021585,31.283821084033484,19.523699886497408,-1.841255180794617,-0.0361433137079764,2.169932407209243,1.9111865549937064,178.0,34.0,2021,"{""type"":""MultiPoint"",""coordinates"":[]}"
28,2021-08-23T11:34:24.812,2021-08-23T08:34:24.812,1.0,1.0,2021-08-23,235,0.95,1.31,LC81780342021235LGN00,45.12562859005924,47.83984715061737,0.95,1,8,0.1907521057176505,0.0020088606823468,0.5450694486506085,0.1655553009655316,3.559455588973802,0.0081517985090613,18.641433022488123,20260919_revision_master_v02,0,0,0,1,1,0,1.2,LC08_L2SP_178034_20210823_20210901_02_T1,LANDSAT_8,0.1308777937986727,0.1331650167703628,0.3336619935159025,0.3344242367893457,0.206109938736277,0.2061789482831955,0.1569826424806967,0.1576702259480953,0.1905269516610551,0.1908811386674642,542.7860882638514,0.7160457981395675,0.7176154795425771,6.4940723458273615,12.111599336675203,0.9826536136677668,0.9719078567790856,2.203889178517405,2.1372747031663573,57.67035057,1_LC08_178034_20210823,36.3378504062521,37.84770106173109,8.693349131222426,-0.3579109460115433,-1.638232372272974,4.927175587621228,1.6855261671817166,178.0,34.0,2021,"{""type"":""MultiPoint"",""coordinates"":[]}"
29,2022-06-07T11:34:18.868,2022-06-07T08:34:18.868,0.7777152684335689,0.9533086578135294,2022-06-07,158,0.95,30.3,LC81780342022158LGN00,35.842517536227795,43.32447608443585,0.95,1,6,0.1878065014050753,0.0045165467941983,0.5747100151443292,0.1623428519262784,12.235932199434302,2.385746729099888,54.05718295875637,20260919_revision_master_v02,0,0,0,0,0,0,28.57,LC08_L2SP_178034_20220607_20220610_02_T1,LANDSAT_8,0.1562349720076583,0.1739271022379398,0.3680858057120751,0.3684783577919006,0.2414939997011217,0.2438607448711991,0.1850526250641921,0.1941910246387124,0.2236731780757164,0.2285347394645214,548.2797993627089,0.5839869615734411,0.5716894218116308,7.6859503542949055,4.36115444422872,0.982750767853263,0.9720268206021502,2.6575903504609157,3.014087254077132,67.18616405,1_LC08_178034_20220607,27.833180296009985,28.14412301162193,17.668192753846615,-1.3464854938545447,1.847692221403122,1.7211304433729455,2.3018471105345366,178.0,34.0,2022,"{""type"":""MultiPoint"",""coordinates"":[]}"
30,2022-06-15T11:33:51.174,2022-06-15T08:33:51.174,1.0,1.0,2022-06-15,166,0.95,18.89,LC91780342022166LGN01,37.0525784727211,45.420826573481406,0.95,1,6,0.1812093798725202,-0.0032109110841757,0.5963114795514604,0.1585041387856387,26.71528761414276,13.827942563199448,45.44334309676597,20260919_revision_master_v02,0,0,0,1,1,0,17.28,LC09_L2SP_178034_20220615_20230412_02_T1,LANDSAT_9,0.242391617775991,0.2807334791868925,0.3642889845302735,0.3647656161338091,0.237206670873124,0.2397807845845818,0.1903490192931273,0.2102236021310091,0.2277295074757488,0.2364404574036598,617.4687584186422,0.6465654376027185,0.641371171887827,6.233063698273069,8.511109435963482,0.9836500749267718,0.9726662142926304,2.343337198510331,2.36059024121284,67.2272241,2_LC09_178034_20220615,28.480166122831143,29.754810092092928,15.53062912787514,-0.8545470181210287,0.6311061878999074,2.1230728818082265,1.1240730876552647,178.0,34.0,2022,"{""type"":""MultiPoint"",""coordinates"":[]}"
31,2022-06-23T11:34:27.415,2022-06-23T08:34:27.415,0.9860713141896356,1.0,2022-06-23,174,0.95,10.41,LC81780342022174LGN00,44.83731598091873,49.88047471671096,0.95,1,6,0.1649359101943554,-0.0013024647826548,0.559211445048507,0.1554510820547125,20.46525592913573,0.1618777942340606,29.147208613910895,20260919_revision_master_v02,0,0,0,1,1,0,9.57,LC08_L2SP_178034_20220623_20220705_02_T1,LANDSAT_8,0.1511934786264238,0.1655687410384416,0.3602038203984841,0.3606266379356384,0.2316056817084893,0.233885645866394,0.1830331379569125,0.1979100489988923,0.2157765888105864,0.2215485889464616,635.829318517926,0.6380758487998861,0.6392411524005529,4.671026017472783,3.6327869237471098,0.982701699353131,0.9719069660046036,2.4867673482937307,2.8351045620414963,67.10498294,1_LC08_178034_20220623,32.49570420144618,35.570404052734375,12.203917059405097,0.2778393828320777,-3.0657810671576136,3.4670978674943416,3.0886245109569077,178.0,34.0,2022,"{""type"":""MultiPoint"",""coordinates"":[]}"
32,2022-07-01T11:34:06.287,2022-07-01T08:34:06.287,0.9999913081523804,1.0,2022-07-01,182,0.95,14.71,LC91780342022182LGN01,45.61754297333077,51.4560292593677,0.95,1,7,0.1729389368244941,-0.0026367103258299,0.5871528391389508,0.1509948177633573,22.38316373167367,2.257939465429591,32.05750651195132,20260919_revision_master_v02,0,0,0,1,1,0,13.45,LC09_L2SP_178034_20220701_20230409_02_T1,LANDSAT_9,0.1384736867514492,0.1478765280917287,0.356265253804881,0.3566339612007141,0.2265430360861208,0.2285156305879354,0.1749484389592176,0.1848371876403689,0.2095433139167297,0.2136984169483184,625.3607730207772,0.6618993512580892,0.6599099821962953,10.1177893681137,9.857501647789686,0.9836786382732032,0.9726661497278952,2.20709354273864,2.382900985306681,66.53279489,2_LC09_178034_20220701,32.119377470564565,33.701513619258485,13.34331134818066,0.3120444467098548,-1.9593962794062727,3.2555119011593963,1.9937701225280764,178.0,34.0,2022,"{""type"":""MultiPoint"",""coordinates"":[]}"
33,2022-07-09T11:34:28.179,2022-07-09T08:34:28.179,0.8648653397612565,0.92284421483305,2022-07-09,190,0.95,8.37,LC81780342022190LGN00,35.57061785963407,42.7061028017645,0.95,0,7,0.1820599245230745,0.0031489095340235,0.5755814666476277,0.1716998035938859,15.932440905735412,0.0150099368230707,44.51970583817055,20260919_revision_master_v02,0,0,0,0,0,0,7.82,LC08_L2SP_178034_20220709_20220721_02_T1,LANDSAT_8,0.1321700308686015,0.1357499044388532,0.3523308451490841,0.3525797128677368,0.2214326282170997,0.2228101911023259,0.1682175856469006,0.1740152286365628,0.2040090872210332,0.2064690282568335,606.8205699701418,0.6501804116412142,0.6379553732334511,2.4521105895866624,2.3131540507824133,0.982731582843168,0.9721418390136376,2.8451644534886027,3.0100295543936983,65.86715912,1_LC08_178034_20220709,30.654958527663656,30.90187909685332,17.128608533705787,-1.627463186609334,2.3750367400975065,2.448643465151732,2.8924410343170166,178.0,34.0,2022,"{""type"":""MultiPoint"",""coordinates"":[]}"
34,2022-07-17T11:34:04.472,2022-07-17T08:34:04.472,1.0,1.0,2022-07-17,198,0.95,5.06,LC91780342022198LGN01,46.71979941151629,52.128388862488,0.95,1,7,0.1747350618671331,-0.0026752273649853,0.577088331281431,0.1520396675963146,3.368742456381348,0.1682839392117043,23.042288867906592,20260919_revision_master_v02,0,0,0,1,1,0,4.63,LC09_L2SP_178034_20220717_20230407_02_T1,LANDSAT_9,0.1322918688857007,0.1367276068776846,0.3485738612797068,0.3487489819526672,0.2170775844019719,0.2180963158607483,0.1640097292932285,0.167758653871715,0.1999983359770528,0.2018296010792255,618.766238333165,0.6921346774174687,0.6895290104423121,15.067108457958016,19.09833455812718,0.9836178232195856,0.9726662360106249,2.0517039352333617,2.076646009318537,64.83384059,2_LC09_178034_20220717,34.61922473469,37.53171469151289,10.457284069609369,-0.2133258089594457,-3.873187647468741,4.239266276359558,3.881430945862298,178.0,34.0,2022,"{""type"":""MultiPoint"",""coordinates"":[]}"
35,2022-07-25T11:34:34.994,2022-07-25T08:34:34.994,1.0,1.0,2022-07-25,206,0.95,0.56,LC81780342022206LGN00,44.60870235754683,49.61516568267391,0.95,1,7,0.1780749484060302,0.0003892124482925939,0.5715892133968413,0.1472422696647863,1.040370832957413,0.0060329739935696,16.358039431188296,20260919_revision_master_v02,0,0,0,1,1,0,0.51,LC08_L2SP_178034_20220725_20220802_02_T1,LANDSAT_8,0.1308855294496163,0.133419781923294,0.3448632567607123,0.3448872528970241,0.2128241557156902,0.2133217900991439,0.1606905507887231,0.1627966742962598,0.1961404015791827,0.1971183838322758,619.4043959694347,0.8335605663107822,0.8335287255830393,15.206989744033317,19.24911154042029,0.9828827076967672,0.97190708410672,1.845280408461932,1.8111194026709716,63.72691475,1_LC08_178034_20220725,35.19121508762754,37.722979753866966,5.8656416062651004,-0.2455741325366557,-2.63785864155868,4.755635136845467,2.651331044476608,178.0,34.0,2022,"{""type"":""MultiPoint"",""coordinates"":[]}"
36,2022-08-02T11:34:18.699,2022-08-02T08:34:18.699,0.8298893619829358,0.7605764610896192,2022-08-02,214,0.95,1.89,LC91780342022214LGN01,38.91811463185579,43.54556371941886,0.95,0,8,0.1926343528872512,0.0019653353441071,0.5738736971102876,0.1579692456999796,1.0847176310402908,0.1055110420646338,37.29489066134924,20260919_revision_master_v02,0,0,0,0,0,0,2.53,LC09_L2SP_178034_20220802_20230404_02_T1,LANDSAT_9,0.1314408794987475,0.1340083861723542,0.3413197617421205,0.3411948084831238,0.2091996572997378,0.2092006895691156,0.1584836127257895,0.1596045969054103,0.1931061740407998,0.1935220537707209,573.8668016455639,0.602243179130964,0.600608276147168,3.613150945063766,2.070653767129626,0.9834256713858156,0.9717729489797806,2.8225127015710147,3.906113603129455,62.28597813,2_LC09_178034_20220802,34.38049143210225,34.71481568785919,17.599737507173383,-0.7721033410608084,2.118352820818451,3.412869937118443,2.3076530862813707,178.0,34.0,2022,"{""type"":""MultiPoint"",""coordinates"":[]}"
37,2022-08-10T11:34:43.806,2022-08-10T08:34:43.806,0.9035270699583978,0.9599342701610304,2022-08-10,222,0.95,14.31,LC81780342022222LGN00,37.59001993188491,43.29514954369974,0.95,1,8,0.1923726543246345,0.0113415010200682,0.55861432809872,0.1681827511495436,1.5474861134057758,1.3799385226320946,57.19858303289303,20260919_revision_master_v02,0,0,0,0,0,0,13.15,LC08_L2SP_178034_20220810_20220818_02_T1,LANDSAT_8,0.1378150284290314,0.1393295172601938,0.3380338272144054,0.337807148694992,0.2064482292224621,0.2061255136504769,0.1571942699709158,0.1578007340431213,0.1913005781584772,0.1913015954196453,515.0217371096556,0.5544483213686083,0.5409744923612766,2.335684455160937,2.5593245112384264,0.9826699791759056,0.9719773544676196,3.092897762655124,3.1811083061194982,60.76200121,1_LC08_178034_20220810,30.83153348133482,32.37134639696143,21.329079244328643,-0.9448038039878864,1.7189345558484392,1.9083605038708653,1.9985702531091096,178.0,34.0,2022,"{""type"":""MultiPoint"",""coordinates"":[]}"
38,2022-08-18T11:34:26.657,2022-08-18T08:34:26.657,0.5409690407976929,0.6806548960557144,2022-08-18,230,0.95,4.68,LC91780342022230LGN02,36.39250987807536,40.84316254014536,0.95,0,8,0.2156111223672294,0.0179661685803265,0.5561248854153471,0.177246614856878,5.959195652227293,3.7749911106523424,37.66490795968593,20260919_revision_master_v02,0,0,0,0,0,0,4.81,LC09_L2SP_178034_20220818_20230402_02_T1,LANDSAT_9,0.1501554360548997,0.1686540683731436,0.3349472284317017,0.3347011804580688,0.2041058207209082,0.2037733448669314,0.1569226510908411,0.1581493616104126,0.190420831928308,0.1917339554056525,543.6189413838002,0.6673756196502048,0.658214794663406,1.313919342016422,0.9982256941695492,0.9835852656110466,0.9741212487817398,3.447033928299176,3.770128418977828,58.93004451,2_LC09_178034_20220818,33.45060751904016,33.923449636875894,16.903636063652478,-0.9194745384584898,1.6137857127121125,3.2240941613570024,1.9310936184450125,178.0,34.0,2022,"{""type"":""MultiPoint"",""coordinates"":[]}"
39,2022-08-26T11:34:46.118,2022-08-26T08:34:46.118,0.834735936215609,0.9580637931119884,2022-08-26,238,0.95,15.66,LC81780342022238LGN00,41.28816855254486,47.85921849863208,0.95,1,8,0.2194060102596337,0.0102045929545344,0.602309670227647,0.1572961983091937,8.968435574537034,3.016348936177533,50.23861318347098,20260919_revision_master_v02,0,0,0,0,0,0,15.14,LC08_L2SP_178034_20220826_20220924_02_T1,LANDSAT_8,0.1567544480250484,0.1920311767607927,0.3320133061758403,0.3317608535289764,0.2020279879028769,0.2017074655741453,0.1564395398158451,0.1579532623291015,0.1892852685146633,0.1918417438864708,489.6181438051421,0.4982596643597609,0.4879201835192874,3.4536448714444683,2.951275690986837,0.9828585669523452,0.9716811165261356,2.9379178786873017,3.3130219620432806,56.99032913,1_LC08_178034_20220826,27.788825347505764,28.20243640329646,16.43981347960987,-1.675723545510193,1.9678855031386189,1.8631326234203645,2.609027987924116,178.0,34.0,2022,"{""type"":""MultiPoint"",""coordinates"":[]}"
40,2023-06-02T11:33:41.933,2023-06-02T08:33:41.933,0.0,0.0,2023-06-02,153,0.95,97.32,LC91780342023153LGN00,,,0.95,0,6,,,,,135.11944034181792,74.6354986716961,78.14688388780615,20260919_revision_master_v02,0,0,0,0,0,0,97.54,LC09_L2SP_178034_20230602_20230604_02_T1,LANDSAT_9,0.4022621928617872,0.4185594189912081,0.3903700735891002,0.3958247024565935,0.3845710227715558,0.4104125183075666,0.3927914659524786,0.4036852419376373,0.3875356918607635,0.4095700737088918,178.29711269510202,,,,,,,,,66.78464331,2_LC09_178034_20230602,19.50369491796384,23.930606776270373,15.594615607426084,0.7815426196688893,-0.1407381675537975,0.4951397997551951,0.8413109109662046,178.0,34.0,2023,"{""type"":""MultiPoint"",""coordinates"":[]}"
41,2023-06-10T11:33:39.270,2023-06-10T08:33:39.270,1.0,1.0,2023-06-10,161,0.95,17.2,LC81780342023161LGN00,37.21361793873848,45.73520812372268,0.95,1,6,0.2135599599679561,0.0021633873357558,0.6407585287156023,0.1591754025790774,114.5137873463247,11.352601328115352,50.284671673829536,20260919_revision_master_v02,0,0,0,1,1,0,15.75,LC08_L2SP_178034_20230610_20230614_02_T1,LANDSAT_8,0.3283380712757165,0.348453164100647,0.3905559505025545,0.3987579643726349,0.3752381499300057,0.3967352472245693,0.3479461463532228,0.3569634221494198,0.3662238253772944,0.3850034289062023,629.6110210199465,0.6141665810249433,0.6178831193100754,8.99466607909741,14.873904154618645,0.9831134697522635,0.9719075999511756,2.382967403933607,2.3946821133797167,67.16871196,1_LC08_178034_20230610,27.83029434050637,28.79170023161789,16.53051698070833,0.317533782073136,-0.405468660952716,1.8626999786530416,0.671185858290771,178.0,34.0,2023,"{""type"":""MultiPoint"",""coordinates"":[]}"
42,2023-06-18T11:33:33.282,2023-06-18T08:33:33.282,0.9991351611618524,1.0,2023-06-18,169,0.95,43.42,LC91780342023169LGN00,33.349398265492404,42.84096439733639,0.95,1,6,0.2152814741612792,-0.0016542712985303,0.6324879656452079,0.1660946746745636,123.89217175012348,13.29313460711775,57.93061822036217,20260919_revision_master_v02,0,0,0,1,1,0,39.75,LC09_L2SP_178034_20230618_20230620_02_T1,LANDSAT_9,0.3119206073126573,0.3592713419348001,0.3889400809146892,0.39749207906425,0.3586596155474925,0.3795721810311079,0.3284616114935655,0.3616390842944383,0.3490463089326332,0.3743851780891418,604.2720915695717,0.6096732865615745,0.5994444658257267,6.650975661073838,6.857126069590173,0.983764367353907,0.9726674054993678,2.42016944437303,2.5434295322634117,67.13207979,2_LC09_178034_20230618,24.785200234117177,25.23953446574595,15.932412912105692,-0.9026714541103648,1.734315672140012,1.3174355009506489,1.9792126379478936,178.0,34.0,2023,"{""type"":""MultiPoint"",""coordinates"":[]}"
43,2023-06-26T11:33:46.006,2023-06-26T08:33:46.006,0.9999739244571412,1.0,2023-06-26,177,0.95,4.28,LC81780342023177LGN00,38.11468605088451,45.40017979112648,0.95,1,6,0.2203980303233477,-0.0007898892122667329,0.6348823970262554,0.1602984735525523,105.23395205092156,0.0781059061316238,44.50538155128216,20260919_revision_master_v02,0,0,0,1,1,0,3.97,LC08_L2SP_178034_20230626_20230701_02_T1,LANDSAT_8,0.2259807944212151,0.2662998912855983,0.3864254732241575,0.3950744271278381,0.3376836208091385,0.356082022190094,0.2825550586841572,0.307616563513875,0.3182874226878429,0.3396195247769356,631.6968252247777,0.6617645310005089,0.6829856391866679,6.870089327669602,3.229872949732943,0.983113322236536,0.9719077925510634,2.283832650303577,2.781208985188825,66.86301479,1_LC08_178034_20230626,30.02430990372581,30.419592210616187,16.569948119678717,-0.5187033499194973,2.208711552551423,2.3634605907845767,2.2761585229429704,178.0,34.0,2023,"{""type"":""MultiPoint"",""coordinates"":[]}"
44,2023-07-04T11:33:44.962,2023-07-04T08:33:44.962,1.0,1.0,2023-07-04,185,0.95,0.87,LC91780342023185LGN00,37.97241187432754,45.61751771555637,0.95,1,7,0.2157471982745381,0.0012280925834949,0.6059046215433186,0.1616688328690674,21.54592268220309,0.8975929503781377,39.40690083339296,20260919_revision_master_v02,0,0,0,1,1,0,0.8,LC09_L2SP_178034_20230704_20230706_02_T1,LANDSAT_9,0.1886841130239524,0.224648430943489,0.383346842623305,0.3919143676757812,0.3172592513862697,0.3318283557891845,0.2505521171394436,0.2710529565811157,0.2942504981297186,0.3115629330277443,627.4325586077811,0.6573383861171549,0.6517209941454014,9.436708248490335,8.153655870803181,0.9838006919913704,0.9726676307604256,2.1946642556066505,2.412215993030034,66.24828909,2_LC09_178034_20230704,31.49576282501221,32.47192440361812,15.966153975190783,-0.4707804987656659,1.7419023935137123,2.806135188574078,1.849397691844524,178.0,34.0,2023,"{""type"":""MultiPoint"",""coordinates"":[]}"
45,2023-07-12T11:33:55.917,2023-07-12T08:33:55.917,1.0,1.0,2023-07-12,193,0.95,0.51,LC81780342023193LGN00,42.91810312464884,49.49539966941489,0.95,1,7,0.2224518053746298,-0.000727512703111773,0.6196710659345727,0.1564498018830369,14.797923540246895,0.2431709235560833,27.97126755769225,20260919_revision_master_v02,0,0,0,1,1,0,0.47,LC08_L2SP_178034_20230712_20230718_02_T1,LANDSAT_8,0.1522857667557124,0.1697158254683017,0.3797609126088263,0.3880170248448849,0.2988028578545855,0.3097791764885187,0.2256739802401641,0.2399080954492092,0.2731895919503836,0.2853018101304769,621.9430622670842,0.779283661055144,0.7835818311299662,9.734150568905749,9.75427413496302,0.9830072422975056,0.97190752419073,2.024081065853726,2.1509872175292823,65.46734951,1_LC08_178034_20230712,32.736783367463914,36.08212113654477,11.762632200087625,0.302983450392882,-2.5822675474758805,3.5772645035009267,2.6024611482675044,178.0,34.0,2023,"{""type"":""MultiPoint"",""coordinates"":[]}"
46,2023-07-20T11:33:49.949,2023-07-20T08:33:49.949,1.0,1.0,2023-07-20,201,0.95,0.45,LC91780342023201LGN00,45.85708296827823,51.914216291211,0.95,1,7,0.2093833127379959,-0.0022724572976099,0.6094074844359494,0.1473760386734841,1.6337850004134844,0.0072862468659877,20.75444459641117,20260919_revision_master_v02,0,0,0,1,1,0,0.41,LC09_L2SP_178034_20230720_20230801_02_T1,LANDSAT_9,0.1370564548662681,0.1432868344709277,0.3759576190990963,0.3837279975414276,0.2831820475644078,0.2910022493451834,0.207114469131519,0.2155404631048441,0.25697905467502,0.2648151870816946,620.7541977454875,0.7983357224179537,0.8023216222836711,15.23289399674109,19.2770648467324,0.9837964367120148,0.9726668584247736,1.814800362827894,1.79229335286269,64.39949252,2_LC09_178034_20230720,35.78403938775775,37.9860602630966,9.809915668662937,-0.1679780825373085,-1.5521152838208208,4.659200055845852,1.5652376485281978,178.0,34.0,2023,"{""type"":""MultiPoint"",""coordinates"":[]}"
47,2023-07-28T11:34:02.341,2023-07-28T08:34:02.341,1.0,1.0,2023-07-28,209,0.95,2.01,LC81780342023209LGN00,44.05868572550183,49.5671737505518,0.95,1,7,0.2143094169333553,0.0014694962103706,0.5980284396447967,0.1513853901769954,1.174470039726845,0.028216527975646,31.61428039923481,20260919_revision_master_v02,0,0,0,1,1,0,1.84,LC08_L2SP_178034_20230728_20230805_02_T1,LANDSAT_8,0.134552062135832,0.1384139899164438,0.3720815567107036,0.3793271519243717,0.2703221242489486,0.2758090645074844,0.1945538520384793,0.1995856845751404,0.2449068918224723,0.2501845182850957,590.6412876172998,0.7216580089818605,0.7097161900071975,14.92344106734994,19.200768918014564,0.9829146732561712,0.971907621079922,1.9877607299573867,2.012491643201973,63.18767996,1_LC08_178034_20230728,33.71953732939973,37.3793980390176,14.524713554601558,0.8678135272415206,-4.047527594127874,3.584784894839101,4.1428987493460205,178.0,34.0,2023,"{""type"":""MultiPoint"",""coordinates"":[]}"
48,2023-08-05T11:33:58.695,2023-08-05T08:33:58.695,1.0,1.0,2023-08-05,217,0.95,0.01,LC91780342023217LGN00,37.936087975503966,44.08184379315823,0.95,1,8,0.2275636498111499,0.0029552476518785,0.6152849664899702,0.1584192016293941,0.4207790582815464,0.1403928197647348,37.37832891530004,20260919_revision_master_v02,0,0,0,1,1,0,0.06,LC09_L2SP_178034_20230805_20230808_02_T1,LANDSAT_9,0.1341412078332284,0.1378494203090667,0.3681353918094744,0.3748849667608738,0.2595406599000268,0.2634358163923025,0.1856611735861876,0.1887941621243953,0.2352480096207267,0.2389700077474117,574.2095850802016,0.6775936025865498,0.6736913737473239,11.533074054765503,8.76787385885829,0.9836227408001408,0.9726670510246614,2.1170630810915725,2.2993510696954047,61.72146217,2_LC09_178034_20230805,35.28300095700669,36.108580929109415,18.425386291810835,-0.6873147124531624,1.947271578955924,3.5853605359450147,2.0982314382476366,178.0,34.0,2023,"{""type"":""MultiPoint"",""coordinates"":[]}"
49,2023-08-13T11:34:07.253,2023-08-13T08:34:07.253,0.9999913081523804,1.0,2023-08-13,225,0.95,0.17,LC81780342023225LGN00,40.64850577007208,45.65911014392135,0.95,1,8,0.2231459261385218,0.005488254101351,0.6014074193928424,0.1554635471066421,0.3903889976142124,0.2145045406677513,17.611041674668762,20260919_revision_master_v02,0,0,0,1,1,0,1.1,LC08_L2SP_178034_20230813_20230819_02_T1,LANDSAT_8,0.1341684957987618,0.1381092006340623,0.3642175272963512,0.3705080151557922,0.2504906993487785,0.2533052731305361,0.1790644637383948,0.1810730751603841,0.2273486306698157,0.230072770267725,583.9062745543731,0.8048129652531517,0.7888299918767957,14.230905129386027,16.35067214667221,0.9830103639734332,0.971907867385548,1.8526853940727128,1.8620401025291329,60.09849391,1_LC08_178034_20230813,35.50945466140221,37.22252427024403,7.121823524606639,-0.4478945223207788,0.3724106496264194,4.7688684326478805,0.6334248058412267,178.0,34.0,2023,"{""type"":""MultiPoint"",""coordinates"":[]}"
50,2023-08-21T11:34:03.351,2023-08-21T08:34:03.351,0.5789796493510974,0.7189814103929425,2023-08-21,233,0.95,2.53,LC91780342023233LGN00,35.527752296813084,40.92647589313438,0.95,0,8,0.2336009568631661,0.0179800327514399,0.6023330868934824,0.1705280226634398,0.3852070882038651,0.0222160812552975,56.12426833448739,20260919_revision_master_v02,0,0,0,0,0,0,4.84,LC09_L2SP_178034_20230821_20230823_02_T1,LANDSAT_9,0.1329095262563091,0.1355601148679852,0.3604019601112124,0.3662493880838156,0.2428424706918069,0.2447814643383026,0.1738921972098706,0.1750144865363836,0.2206676072259059,0.2224849015474319,532.434607670225,0.5940743706810399,0.5860795826519495,0.397307305813969,1.0354887678549505,0.9834703103317272,0.9721314410794376,4.783269221566999,4.1157325411713055,58.22887434,2_LC09_178034_20230821,32.37315995665802,33.518723323427395,22.429875631442016,-0.8825218331539767,1.723112969562925,2.13544050304369,1.9739404759187809,178.0,34.0,2023,"{""type"":""MultiPoint"",""coordinates"":[]}"
51,2023-08-29T11:34:13.912,2023-08-29T08:34:13.912,1.0,1.0,2023-08-29,241,0.95,0.33,LC81780342023241LGN00,39.622592410038216,45.84255794782257,0.95,1,8,0.2420612315627943,0.0078959636251293,0.6224468046778261,0.1599882317472845,0.8989473058917056,0.5222743146720974,29.29159442309676,20260919_revision_master_v02,0,0,0,1,1,0,0.3,LC08_L2SP_178034_20230829_20230906_02_T1,LANDSAT_8,0.1351354309068671,0.1392292836681008,0.3568172701473894,0.3622758388519287,0.2368741107398066,0.238267034292221,0.1703397616230208,0.1709750741720199,0.2157801969897472,0.2172030843794345,527.1033297133172,0.663654710333819,0.6576647897437204,15.044685015347708,18.59439860937492,0.9829679081989284,0.9719082104120093,2.152510549361672,2.1999376238999,56.20072847,1_LC08_178034_20230829,33.73229768906516,35.46843631788232,13.342616577258054,-0.130318366183803,-0.337157917326723,3.709037368324981,0.4289067780663227,178.0,34.0,2023,"{""type"":""MultiPoint"",""coordinates"":[]}"
52,2024-06-04T11:33:35.916,2024-06-04T08:33:35.916,1.0,1.0,2024-06-04,156,0.95,3.39,LC91780342024156LGN01,46.70842032015495,51.284619657140006,0.95,1,6,0.2027032013447375,-0.0026869096512254,0.6014862169028204,0.1508887819142347,34.85604881898722,6.0636003338505,23.21231734376924,20260919_revision_master_v02,0,0,0,1,1,0,3.95,LC09_L2SP_178034_20240604_20240605_02_T1,LANDSAT_9,0.1736184802215898,0.2241277657449245,0.3656420556556188,0.3662644624710083,0.2466362152024463,0.2507904451340437,0.2088648655523885,0.2345948126167059,0.2335929885122359,0.2455229787155985,630.6138576737106,0.7155973262482155,0.7204364113960559,9.683284270521847,9.66298069371314,0.9837342463255512,0.9726672878181428,2.1086372913213465,2.246152733058071,66.94227352,2_LC09_178034_20240604,36.59386035296159,37.22276867973087,12.16070031709862,0.3303022085232687,0.2540431599103362,4.722609733100607,0.4673660870609447,178.0,34.0,2024,"{""type"":""MultiPoint"",""coordinates"":[]}"
53,2024-06-12T11:33:17.991,2024-06-12T08:33:17.991,1.0,1.0,2024-06-12,164,0.95,0.26,LC81780342024164LGN00,41.75125316343191,47.01374150602024,0.95,1,6,0.1949918988330274,0.0034976342630009,0.5730734570395627,0.14808349465472,13.44155858239335,2.414984140833333,23.386955108205363,20260919_revision_master_v02,0,0,0,1,1,0,1.31,LC08_L2SP_178034_20240612_20240628_02_T1,LANDSAT_8,0.1462816085591698,0.1665673470124602,0.3617551907427331,0.3623735904693603,0.2401955077760882,0.2441158900037408,0.193350172444196,0.2114593274891376,0.2237840211152347,0.2318296236917376,635.3709540162182,0.7585041330119632,0.7523777996641282,9.50473806022664,7.764604795636191,0.982824275805318,0.9719076102209246,2.050698654123545,2.27565863185054,67.15540331,1_LC08_178034_20240612,37.55674461648936,39.15635945667168,13.06055818246224,0.7198856189462722,0.3549947010134387,4.966372954469698,0.9060030705095364,178.0,34.0,2024,"{""type"":""MultiPoint"",""coordinates"":[]}"
54,2024-06-20T11:33:19.859,2024-06-20T08:33:19.859,1.0,1.0,2024-06-20,172,0.95,0.82,LC91780342024172LGN01,38.27278160772966,44.746706039303625,0.95,1,6,0.1981860661098306,0.00022338533851245712,0.5822314989402849,0.1548612691361317,11.106216605549896,0.2934229351302614,32.13144399101891,20260919_revision_master_v02,0,0,0,1,1,0,0.86,LC09_L2SP_178034_20240620_20240621_02_T1,LANDSAT_9,0.1352262240127369,0.1425529168918728,0.3578558527466902,0.3584107384085655,0.2339648525404042,0.2372331637889146,0.1812454595692178,0.1922891438007354,0.2159820739126478,0.2211673064157366,630.2245224567403,0.6991038477993075,0.695527673943877,9.505503318519434,7.821351179127151,0.9836539620012604,0.9726674915295628,2.116499715956243,2.342747654582878,67.01613316,2_LC09_178034_20240620,35.59400608751357,36.71025074518854,16.299685614840005,-0.2088242685769212,1.5195203766781826,3.9540288988020498,1.5855028844494532,178.0,34.0,2024,"{""type"":""MultiPoint"",""coordinates"":[]}"
55,2024-06-28T11:33:31.094,2024-06-28T08:33:31.094,0.9999652326095216,1.0,2024-06-28,180,0.95,1.31,LC81780342024180LGN00,38.58421565576116,44.69168692414773,0.95,1,6,0.1931401817332126,0.0069852402784555,0.5551381383552022,0.1540228616405447,8.431375804125068,0.4899076101260746,39.12131487127703,20260919_revision_master_v02,0,0,0,1,1,0,1.8,LC08_L2SP_178034_20240628_20240709_02_T1,LANDSAT_8,0.1338687791865329,0.1396418260410428,0.3539648730638717,0.3543879948556423,0.2279813151304906,0.2303957343101501,0.1727713940819901,0.1791376881301403,0.2097993464473325,0.2132787657901644,620.2625396641073,0.7519868423451888,0.7421601477328681,16.1781767663898,20.027456469310685,0.982788841171616,0.9719083507371902,1.8494487914698068,1.8529389749611709,66.646192,1_LC08_178034_20240628,34.685123061040755,34.98817306125061,18.646359238720216,-0.7600302808947412,2.397226461708375,3.371661430102023,2.537883225689645,178.0,34.0,2024,"{""type"":""MultiPoint"",""coordinates"":[]}"
56,2024-07-06T11:33:32.043,2024-07-06T08:33:32.043,1.0,1.0,2024-07-06,188,0.95,20.84,LC91780342024188LGN00,42.68553366877376,48.06966776562795,0.95,1,7,0.1952741890943235,-0.0003221808746540699,0.5946185061240788,0.1477956833577959,11.454200218605108,7.790406200469053,34.22170350476459,20260919_revision_master_v02,0,0,0,1,1,0,19.06,LC09_L2SP_178034_20240706_20240707_02_T1,LANDSAT_9,0.1811196921462657,0.2450302075594663,0.35032194460019,0.3507128953933716,0.2232311269786091,0.2252877652645111,0.17095935319078,0.1802305085584521,0.2093062502009137,0.2172077056020498,619.9045207288682,0.7183940605632648,0.7130683227058251,16.56565095113745,20.5893919045755,0.9837725725948044,0.9726673843706216,1.9279343590079288,1.9440662651363083,65.95078308,2_LC09_178034_20240706,32.78126030733387,36.22719193597919,14.874327203264212,0.6207054448674265,-3.688518050065356,3.282000048454307,3.741946370007316,178.0,34.0,2024,"{""type"":""MultiPoint"",""coordinates"":[]}"
57,2024-07-14T11:33:41.346,2024-07-14T08:33:41.346,0.9999913081523804,1.0,2024-07-14,196,0.95,8.29,LC81780342024196LGN00,40.443765636130806,47.01144769754384,0.95,1,7,0.2057095946667957,0.0030118090210027,0.5860805803027557,0.1586321159396732,11.065461276253862,1.9328244347285404,37.40369930649897,20260919_revision_master_v02,0,0,0,1,1,0,7.59,LC08_L2SP_178034_20240714_20240719_02_T1,LANDSAT_8,0.145496421821821,0.1684178756549954,0.3467199893769699,0.3470897972583771,0.218738113954279,0.2206450253725052,0.1672152063908071,0.1752403201535344,0.202791388277338,0.2074541430920362,583.5026668340906,0.6148465665772865,0.6007524781662582,9.745911359646156,9.892262105887845,0.9829521504333149,0.9719087159867156,2.352706574619344,2.599551296134948,65.0873289,1_LC08_178034_20240714,34.54433112158133,36.11185490299433,17.835428221519493,-0.1265249779677408,0.2560379853562844,3.4407611644712084,0.6752192203841442,178.0,34.0,2024,"{""type"":""MultiPoint"",""coordinates"":[]}"
58,2024-07-22T11:33:40.411,2024-07-22T08:33:40.411,1.0,1.0,2024-07-22,204,0.95,9.6,LC91780342024204LGN00,42.1589395563315,47.056563415130135,0.95,1,7,0.1988100417416821,-0.0016229652922405,0.5762665442887279,0.1627023982043096,10.973386820544484,0.227498569768616,28.154938421823232,20260919_revision_master_v02,0,0,0,1,1,0,8.78,LC09_L2SP_178034_20240722_20240723_02_T1,LANDSAT_9,0.1323741258983967,0.1371489828452468,0.3432235213951941,0.3434906303882599,0.2145971038450825,0.2160755982622504,0.1631897751957092,0.1683490835130214,0.1980459491554168,0.2005281653255224,581.3508991580297,0.6696980037451664,0.6700103401223083,13.306032247732896,18.649637814563693,0.983513515339532,0.9726680067005918,2.1226816302007667,2.1182100416261536,63.95847543,2_LC09_178034_20240722,37.80620300599019,39.02247984703085,16.132196740639586,0.2199907137406589,0.7493338913664777,4.720569863360385,0.8358132996753841,178.0,34.0,2024,"{""type"":""MultiPoint"",""coordinates"":[]}"
59,2024-07-30T11:33:51.019,2024-07-30T08:33:51.019,1.0,1.0,2024-07-30,212,0.95,0.09,LC81780342024212LGN00,44.63026134743665,49.348031097866304,0.95,1,7,0.201891037371088,0.0046875237256324,0.5926871479207269,0.1503765166946768,14.365848328117654,5.162803475699657,20.793480526068837,20260919_revision_master_v02,0,0,0,1,1,0,0.08,LC08_L2SP_178034_20240730_20240801_02_T1,LANDSAT_8,0.1441777482159158,0.162554376758635,0.3398713614674216,0.340110719203949,0.2110217576125973,0.2123064268380403,0.1615184905023492,0.166398037225008,0.1959469965672425,0.1991830263286829,596.1480973470518,0.814260671745947,0.8110505489686044,15.549365565480846,19.60790461759914,0.9829361507044992,0.971907975386272,1.8311378816180333,1.7984619535251738,62.67684935,1_LC08_178034_20240730,36.25406958243909,38.52244932945273,10.17473967232472,0.1507120959482083,-1.239592223932545,4.781709308952179,1.257637161921635,178.0,34.0,2024,"{""type"":""MultiPoint"",""coordinates"":[]}"
60,2024-08-07T11:33:44.413,2024-08-07T08:33:44.413,1.0,1.0,2024-08-07,220,0.95,0.37,LC91780342024220LGN00,37.73408379337063,43.622332547765744,0.95,1,8,0.219049566039039,0.0082572729765537,0.5997309490152416,0.1594135594193249,7.562581556232747,0.0670703084749786,39.64543577046653,20260919_revision_master_v02,0,0,0,1,1,0,0.71,LC09_L2SP_178034_20240807_20240808_02_T1,LANDSAT_9,0.1325864236812536,0.1373225133866071,0.3365743385686573,0.3367090225219726,0.2075971954616913,0.2084819227457046,0.1590562343255838,0.1621962925419211,0.1921528378410804,0.1937807779759168,563.5486889158757,0.6407553740377038,0.6364635046782062,9.350374493572188,6.17211096379913,0.9835968879090892,0.9726677380877238,2.2268684818971645,2.430167733626276,61.14312709,2_LC09_178034_20240807,34.1408616861163,35.157439332978434,18.381961636693568,-0.5319827390263621,1.239385088654849,3.241414205392657,1.421833761612802,178.0,34.0,2024,"{""type"":""MultiPoint"",""coordinates"":[]}"
61,2024-08-15T11:33:54.114,2024-08-15T08:33:54.114,1.0,1.0,2024-08-15,228,0.95,0.03,LC81780342024228LGN00,38.2615983279037,43.52090225651305,0.95,1,8,0.2223356158678312,0.0097189406648503,0.5993515093018268,0.1514295968741232,5.5948249521774684,0.2077578302782381,21.16619155195176,20260919_revision_master_v02,0,0,0,1,1,0,0.05,LC08_L2SP_178034_20240815_20240822_02_T1,LANDSAT_8,0.1311406218219964,0.1341924415901303,0.3334165788482458,0.3334445059299469,0.2045190338589741,0.2050244761630892,0.1572336643336495,0.1591587113216519,0.1894526187020933,0.1904344214126467,566.7657733031878,0.803564027670302,0.7949600606083549,22.83890520419588,25.59900736980776,0.9829550853183288,0.9719081787609788,1.5683509798924915,1.6254256600628767,59.44867608,1_LC08_178034_20240815,36.8771633705642,38.32258109718476,10.952255997753417,-0.7270358326954282,-0.213884634155257,4.922059883019302,0.8886623183601565,178.0,34.0,2024,"{""type"":""MultiPoint"",""coordinates"":[]}"
62,2024-08-23T11:33:58.852,2024-08-23T08:33:58.852,0.945696131098422,0.997836661102498,2024-08-23,236,0.95,6.53,LC91780342024236LGN00,37.55723255229004,43.45174434584676,0.95,1,8,0.222596401878484,0.0093253699217356,0.5703684063403457,0.160033306751194,5.339792798788294,0.0133638837145251,45.938524175168446,20260919_revision_master_v02,0,0,0,0,0,0,6.02,LC09_L2SP_178034_20240823_20240824_02_T1,LANDSAT_9,0.1309698492203196,0.133447527885437,0.330416644029426,0.3303192853927612,0.2018422627858924,0.2019475139677524,0.1559293898607051,0.1570543684065342,0.1872394929471876,0.187724957242608,508.3081232196623,0.5101217651093557,0.4930844022711298,6.115830640390139,2.3738755003346093,0.983575475714014,0.9726680489580848,3.010075213844424,3.3797286765912915,57.52051759,2_LC09_178034_20240823,31.834304771314034,32.792744305892114,18.697366088714165,-0.7447407179029077,1.62845145614236,2.5489503558522317,1.8497044544848469,178.0,34.0,2024,"{""type"":""MultiPoint"",""coordinates"":[]}"
63,2024-08-31T11:34:02.327,2024-08-31T08:34:02.327,1.0,1.0,2024-08-31,244,0.95,11.32,LC81780342024244LGN00,37.44392907752164,42.8271118114227,0.95,1,8,0.2355513749669728,0.0105581498388724,0.604984240556741,0.1591430976458234,3.4092080261782454,3.044177837733894,35.34086239986912,20260919_revision_master_v02,0,0,0,1,1,0,10.39,LC08_L2SP_178034_20240831_20240906_02_T1,LANDSAT_8,0.1457549799180303,0.1709626205265522,0.3277079147903147,0.3276203572750091,0.1999720285478499,0.2001350075006485,0.1555737815050136,0.1569985598325729,0.1868532020331795,0.1890342850238084,450.1534239323569,0.6149952264284604,0.6030761864717075,9.744555477368849,9.888820233089634,0.9829212403945308,0.9719085652234288,2.350809442876816,2.5756323850650893,55.42670413,1_LC08_178034_20240831,32.2053856672052,33.22287662801224,14.917960921126314,-0.4745549433104117,1.3081848476199502,3.1150171654272216,1.428649493992158,178.0,34.0,2024,"{""type"":""MultiPoint"",""coordinates"":[]}"
64,2025-06-07T11:33:40.148,2025-06-07T08:33:40.148,1.0,1.0,2025-06-07,158,0.95,0.96,LC91780342025158LGN00,37.628199111103264,44.124771365669936,0.95,1,6,0.1699334819313512,-0.0074953877038636,0.5788903423533353,0.1558681556083584,20.29100374642621,2.929517301925616,27.79733845292668,20260919_revision_master_v02,0,0,1,0,1,0,1.06,LC09_L2SP_178034_20250607_20250608_02_T1,LANDSAT_9,0.207177835626042,0.2259252239018678,0.3741656404340848,0.3794780671596527,0.2978056309728704,0.3086885195225477,0.2501161536548745,0.2672455487772822,0.2814468990765875,0.2941920813173055,642.245397354607,0.7648840958875528,0.7615961951420738,7.2708131833707,3.2375969712657446,0.983548282061292,0.9726674059202594,2.075803399641376,2.5199214700893564,67.10603347,2_LC09_178034_20250607,33.54821840739865,33.90073985015082,12.373816028365434,-0.1806043521007443,-0.4000591302882975,3.7514586756085935,0.4568017807423556,178.0,34.0,2025,"{""type"":""MultiPoint"",""coordinates"":[]}"
65,2025-06-15T11:33:52.004,2025-06-15T08:33:52.004,1.0,1.0,2025-06-15,166,0.95,0.8,LC81780342025166LGN00,40.71930454907543,46.37572399888876,0.95,1,6,0.1585790804931509,-0.007416908627802,0.5650177471270262,0.1581143074358952,18.538818217280262,0.4761899352169737,29.11525253580088,20260919_revision_master_v02,0,0,1,0,1,1,0.85,LC08_L2SP_178034_20250615_20250626_02_T1,LANDSAT_8,0.1603245192919898,0.1781951617449522,0.3707855396762618,0.3759326338768005,0.2842072098166348,0.2929475344717502,0.223413227280778,0.2343590091913938,0.2627686794559047,0.2726112809032202,645.8653282886931,0.7541762544096895,0.7444371072136579,9.433744117488894,8.151894861337336,0.9826501789592564,0.9719078033258824,2.070456340254033,2.260880925624285,67.23423766,1_LC08_178034_20250615,30.41691716147699,32.4118965334742,10.41312939389729,0.5146028026297987,-3.6248044093222194,3.0849119264280223,3.6687805345201903,178.0,34.0,2025,"{""type"":""MultiPoint"",""coordinates"":[]}"
66,2025-06-23T11:33:53.762,2025-06-23T08:33:53.762,0.9999695785333316,1.0,2025-06-23,174,0.95,0.73,LC91780342025174LGN00,41.96463923366347,47.67950259312508,0.95,1,6,0.1511604491070937,-0.0067649611370114,0.5686679052984727,0.149011244949853,19.563487031056752,1.3717185948844626,26.435179385209835,20260919_revision_master_v02,1,1,1,0,1,0,0.67,LC09_L2SP_178034_20250623_20250624_02_T1,LANDSAT_9,0.1493593144809619,0.1679843505844473,0.3671909545075927,0.3721188902854919,0.271518249651764,0.2783896960318088,0.2041277623279047,0.2114154510200023,0.2488151207608958,0.2565967328846454,653.5431160038727,0.8173231061996354,0.8152396752402217,8.536345724498595,4.790627170221093,0.9834446909533804,0.972666804887392,2.044544045484414,2.2455778627978424,67.00442982,2_LC09_178034_20250623,31.250321587723786,34.042815222098014,9.66726776931894,0.1434680696117843,-3.1692159442300443,3.3578853614009216,3.1747426604131577,178.0,34.0,2025,"{""type"":""MultiPoint"",""coordinates"":[]}"
67,2025-07-01T11:33:59.389,2025-07-01T08:33:59.389,1.0,1.0,2025-07-01,182,0.95,2.0,LC81780342025182LGN00,44.84209236004318,50.91422445122981,0.95,1,7,0.1496842379697893,-0.001201618748884,0.5649745867119241,0.1449085644764962,1.883637995467145,0.0034284254070371,29.14688477611816,20260919_revision_master_v02,0,0,1,0,1,1,1.83,LC08_L2SP_178034_20250701_20250711_02_T1,LANDSAT_8,0.134566324210611,0.1391312489286065,0.3635180300491246,0.3681467771530151,0.2602890384487573,0.2653594091534614,0.1906879554078367,0.1951121054589748,0.2368722105863101,0.2417714912444353,626.8492407156608,0.7053019630579419,0.7034311611130047,9.777223548279268,9.773321859834752,0.9827745796035572,0.9719073425340172,2.1555531138442894,2.305084990593072,66.51526525,1_LC08_178034_20250701,32.81417364650606,35.440224349669535,12.47254478487381,-0.0584743578830216,-2.745284894817538,3.532279203819341,2.747375381710195,178.0,34.0,2025,"{""type"":""MultiPoint"",""coordinates"":[]}"
68,2025-07-09T11:33:57.083,2025-07-09T08:33:57.083,0.8895965264786407,0.9223185494856032,2025-07-09,190,0.95,0.43,LC91780342025190LGN00,35.07088823239905,40.61116997786281,0.95,0,7,0.1588868873445882,0.0037297458146103,0.5517565605936153,0.1570543208842984,1.8590704117258503,0.0047236676327884,32.729066253050014,20260919_revision_master_v02,0,0,0,0,0,0,2.51,LC09_L2SP_178034_20250709_20250711_02_T1,LANDSAT_9,0.132698779696209,0.1355798756703734,0.3597770076255743,0.364098459482193,0.2504671473045404,0.2541104285046458,0.1811637566731789,0.1836205311119556,0.2276696445351002,0.2310103988274932,625.6733517359868,0.7637920082010377,0.751387697695608,3.075376445642437,2.03141096591786,0.983234633232886,0.9728855203615656,2.191542135494712,2.8242800792853027,65.75698908,2_LC09_178034_20250709,34.71115270794974,35.057432442476546,15.607410624922176,-0.6330251359837104,1.8962032661738573,3.740272117549164,2.0226479835359963,178.0,34.0,2025,"{""type"":""MultiPoint"",""coordinates"":[]}"
69,2025-07-17T11:34:04.270,2025-07-17T08:34:04.270,1.0,1.0,2025-07-17,198,0.95,0.37,LC81780342025198LGN00,40.8212532556715,47.25141254580054,0.95,1,7,0.1561747199801244,0.0020228354966921,0.557395033175094,0.1569869886490769,3.59725136743234,2.215239702876028,53.418007891635845,20260919_revision_master_v02,1,1,1,0,1,1,0.34,LC08_L2SP_178034_20250717_20250726_02_T1,LANDSAT_8,0.1528797118916552,0.1861183093860745,0.356116990988439,0.3602006435394287,0.2425062899773988,0.2453726585954427,0.1751958119835074,0.1771402452141046,0.2220972241849817,0.2268960457295179,574.7554022234286,0.5948374278493795,0.5834568226069166,9.738323767799496,9.758902315323386,0.9826624798071808,0.9719083829774684,2.464833372686434,2.6701645601053965,64.79782427,1_LC08_178034_20250717,32.32237423456843,32.94883813284188,21.599379230706944,-0.4238750580378026,2.048409900214406,2.26409529546612,2.125881808193502,178.0,34.0,2025,"{""type"":""MultiPoint"",""coordinates"":[]}"
70,2025-07-25T11:34:05.949,2025-07-25T08:34:05.949,1.0,1.0,2025-07-25,206,0.95,0.55,LC91780342025206LGN00,47.15461746035653,49.92429016793498,0.95,1,7,0.1506477272096593,-0.003144815435047,0.5521921590546087,0.1514310041109799,3.3546540936118894,0.5840034493402628,18.98782769725111,20260919_revision_master_v02,0,0,1,0,1,0,0.5,LC09_L2SP_178034_20250725_20250727_02_T1,LANDSAT_9,0.1348131127377977,0.142949909903109,0.3526213698537438,0.3565000351518392,0.2358490165461783,0.2382659967988729,0.1711329646984964,0.1734758131206035,0.215186131717824,0.21798793412745,607.7831520583363,0.8043472744657498,0.8049013966017262,23.529286944974995,28.25535196198509,0.9833303059490204,0.9726670624729064,1.567909975663396,1.6259777348468571,63.60890402,2_LC09_178034_20250725,37.99550063562256,40.53085364311677,10.308246440395584,0.6314754602219109,-5.061973014328747,5.370726450124921,5.105392756639716,178.0,34.0,2025,"{""type"":""MultiPoint"",""coordinates"":[]}"
71,2025-08-02T11:34:09.187,2025-08-02T08:34:09.187,0.7735821415049149,0.8981206070722729,2025-08-02,214,0.95,15.39,LC81780342025214LGN00,36.7113420676043,43.27809147170924,0.95,0,8,0.1753758466171026,0.0067678929725119,0.5624091534174963,0.1590596534840455,3.5349372006248263,0.1837062972322917,63.50563512763868,20260919_revision_master_v02,0,0,0,0,0,0,14.38,LC08_L2SP_178034_20250802_20250808_02_T1,LANDSAT_8,0.1339463775598559,0.1373922489583492,0.3490645432028183,0.3526537474244833,0.2295762748807071,0.2312382971867919,0.1670033728068742,0.1682954849675297,0.2097418716438862,0.2114510843530297,496.5826440499642,0.4967655418781915,0.4824048459590185,0.370348183605075,1.2976656626377108,0.9823714736202054,0.9718379170293742,5.288044458899539,3.8997875875315535,62.23098435,1_LC08_178034_20250802,30.18412853995162,31.399259922497595,22.47210072514663,-1.0656810580488605,2.2807498558886072,1.5661086899503256,2.549832072845503,178.0,34.0,2025,"{""type"":""MultiPoint"",""coordinates"":[]}"
72,2025-08-10T11:34:15.590,2025-08-10T08:34:15.590,0.9999956540761902,1.0,2025-08-10,222,0.95,0.02,LC91780342025222LGN00,49.4687473522676,53.76480500667746,0.95,1,8,0.1573488209654552,-0.00025087751101120995,0.5624782572624206,0.1458930027143661,4.098766263713126,0.0107775558650835,19.965747013474605,20260919_revision_master_v02,1,1,1,0,1,0,0.02,LC09_L2SP_178034_20250810_20250811_02_T1,LANDSAT_9,0.131618275576642,0.1348543418571353,0.3456216725203233,0.3489710986614227,0.224173484866462,0.2253816202282905,0.1639962589160077,0.1647672886028885,0.2050574032488389,0.206315703690052,577.146767690052,0.7295188495175907,0.7238302475262098,23.634419276635192,28.76722087116094,0.9833903974508538,0.9726670620520154,1.745299297956061,1.83362591175591,60.64213836,2_LC09_178034_20250810,38.84301904279386,40.9827220883957,11.745614270426142,-0.5540961389213716,-1.6003773099713476,5.555648291350094,1.6941815163822775,178.0,34.0,2025,"{""type"":""MultiPoint"",""coordinates"":[]}"
73,2025-08-18T11:34:16.968,2025-08-18T08:34:16.968,0.9395582380377342,0.9878106316900048,2025-08-18,230,0.95,12.42,LC81780342025230LGN00,38.00925049761887,44.8777792536231,0.95,1,8,0.1766682121870593,0.0079471421387134,0.566986792242249,0.1507644653191558,0.9647969319178245,0.057941725813813,49.47094502490025,20260919_revision_master_v02,0,0,0,0,0,0,11.41,LC08_L2SP_178034_20250818_20250821_02_T1,LANDSAT_8,0.1314434041309151,0.1337048709392547,0.3423316613650937,0.3454053103923797,0.2195476467339562,0.2202603463083505,0.1616411678343584,0.1619230061769485,0.2012199898247732,0.2019506292417645,545.3379210551352,0.5385523253705281,0.5135903864203599,1.7215771790699506,2.232917484248139,0.9826159962652916,0.9719076960827628,3.5003538415542854,3.2949279307717863,58.85790188,1_LC08_178034_20250818,29.9742127011362,31.48023970967377,18.225500718911945,-1.0905859140748622,1.2623008532305504,2.143335110820125,1.7110104335413283,178.0,34.0,2025,"{""type"":""MultiPoint"",""coordinates"":[]}"
74,2025-08-26T11:34:21.136,2025-08-26T08:34:21.136,1.0,1.0,2025-08-26,238,0.95,5.76,LC91780342025238LGN00,39.62835155451391,43.89513453949272,0.95,1,8,0.1789518103174376,0.004337397904467,0.5665333058997182,0.1519130019234225,0.8736051827412963,0.0092197708934972,27.61732092696138,20260919_revision_master_v02,0,1,1,0,1,0,5.27,LC09_L2SP_178034_20250826_20250902_02_T1,LANDSAT_9,0.1310261210218541,0.1333858920261263,0.3391423947831621,0.3419453501701355,0.2154871031940837,0.2157953027635812,0.1598292060175051,0.1598139647394418,0.1978866730344329,0.1982705639675259,514.2985803117725,0.6606125678256708,0.6538719125724446,9.300723645298316,8.835787609800029,0.983348899476564,0.9726675454036572,2.200298117362673,2.3661346515650754,56.86534911,2_LC09_178034_20250826,34.10241177840356,34.90713516279073,12.753121061789614,-0.5834187089190698,-0.4949918866669892,3.876422001502576,0.7831359241787548,178.0,34.0,2025,"{""type"":""MultiPoint"",""coordinates"":[]}"
