GridID,arcgis_grid_id,building_count,building_footprint_m2,BCR_2025_pct,p75_storeys,LST_2017_C,LST_2025_C,delta_LST_C,endpoint_change_ratio,purity_2017,purity_2025,common_landsat_fraction,longitude,latitude,x_utm_arcgis,y_utm_arcgis,elevation_mean_m,annual_stable_urban_p90,annual_stable_urban_p95,annual_stable_urban_p97,unstableRatio_p90,unstableRatio_p95,unstableRatio_p97,bareFrac17,bareFrac25,bareFracIncrease,bareFracMax,block_1000,IVS_median_2017_2025,IVS_mean_2017_2025,IVS_sd_2017_2025,IVS_2017_SCL,IVS_2018_SCL,IVS_2019_SCL,IVS_2020_SCL,IVS_2021_SCL,IVS_2022_SCL,IVS_2023_SCL,IVS_2024_SCL,IVS_2025_SCL,functional_code,functional_label_en,IVS_median_class
0000000000000000001c,3,54,17147,19.052222222222223,5.0,46.990133779268405,48.48692006190078,1.4967862826323224,0.0969414633084442,0.948011406926878,0.889544375993208,1.0,30.610321,36.847718,286935.019978,4080644.905365,4.55,0,1,1,0.1666673922981475,0.0608616148202974,0.0250342860874676,0.0022204323312362,0.0399634281733679,0.0377429958421316,0.0399634281733679,286_4080,0.703149966258136,0.7018501183988698,0.0229672792009111,0.669338441778958,0.7062368025774429,0.6954263447765416,0.744828787252106,0.7159631669460347,0.703149966258136,0.7176045453555956,0.6787165030367677,0.6853865076082459,KO,residential_mixed,x
0000000000000000001d,4,47,14645,16.272222222222222,5.0,46.16115914575544,47.92755697861944,1.7663978328639824,0.0857711026218012,0.965360999180142,0.9266314302161286,1.0,30.613684,36.847786,287235.084655,4080644.905624,4.33,0,1,1,0.1295942575051894,0.0501683325483628,0.0254722905437228,0.0022240828928777,0.0055558462853454,0.0033317633924677,0.0055558462853454,287_4080,0.5762860432257053,0.5861587423416929,0.02304219873922,0.6062849965984616,0.5762860432257053,0.5695919898128283,0.6268643047778535,0.5578959303644009,0.570725835993511,0.6057311563486665,0.594078706368727,0.5679697175850822,KO,residential_mixed,x
00000000000000000023,5,134,25842,28.71333333333333,4.0,45.991196017591086,48.32790694430434,2.336710926713254,0.0906058267160293,0.9649882480169892,0.9199513350165488,1.0,30.768351,36.850791,301035.078678,4080644.905499,50.3,0,1,1,0.1028331218412457,0.0439075016461497,0.0177871386646781,0.0150050365641475,0.0133392638331087,-0.0016657727310387,0.0150050365641475,301_4080,0.6213986386014487,0.632465513223222,0.0202867590670767,0.6377860048926625,0.6194537835280371,0.6185816512081215,0.6213986386014487,0.6124200363679179,0.6557301273749254,0.6374327913030966,0.6721959855749315,0.6171906001578561,KO,residential_mixed,x
00000000000000000039,6,133,25659,28.51,4.0,46.56150864077653,48.27176461498509,1.7102559742085417,0.091368211712576,0.9049945048235436,0.9202894126266944,1.0,30.761546,36.853368,300434.949663,4080944.974459,51.05,0,1,1,0.1119097046560717,0.0452523419918706,0.0260846431624304,0.002760671981578,0.018308532351761,0.0155478603701829,0.018308532351761,300_4080,0.5628151003960018,0.5631775688253893,0.0143126644209419,0.5628151003960018,0.5644462083282455,0.5477600614064164,0.5605298047903984,0.5406163320133281,0.5583797079706229,0.5894797899621446,0.5711407288522934,0.5734303857090525,KO,residential_mixed,x
0000000000000000003e,7,65,18020,20.022222222222226,5.0,45.09678423955461,46.7402017542359,1.643417514681277,0.0813635015613278,0.93972750902779,0.9088803796033004,1.0,30.77836,36.853683,301935.026511,4080944.969645,51.07,0,1,1,0.1045043001936395,0.0422518011967273,0.0250161366292762,0.0088707848507579,0.002224238089423,-0.0066465467613348,0.0088707848507579,301_4080,0.5190935575597928,0.5148490910183425,0.0232233611870573,0.5404985782321234,0.5268783908727737,0.5232847199204509,0.5519119725066728,0.489375992184638,0.5018709767458089,0.4944132372695079,0.5190935575597928,0.4863143938733144,KO,residential_mixed,x
0000000000000000006a,8,83,21169,23.52111111111111,6.0,45.10041134450883,47.11733389728816,2.0169225527793024,0.0799594216275759,0.9644547390053074,0.9100396640528736,1.0,30.599982,36.85562,286035.073343,4081544.850419,12.65,0,1,1,0.1016418566782335,0.0371997439905259,0.0222092572677519,0.0038923889428289,0.0105538599523683,0.0066614710095394,0.0105538599523683,286_4081,0.6831447367848169,0.6715149791181991,0.0417461412412262,0.7126250114289943,0.7294136599340817,0.6831447367848169,0.6861402217877993,0.688073354551352,0.6769447794530625,0.6302796511653219,0.6400323930354972,0.5969810039228662,KO,residential_mixed,x
0000000000000000006e,9,67,20024,22.24888888888889,5.0,45.48350021829379,46.7428109490209,1.2593107307270712,0.0958342599739232,0.904423019060452,0.8724811728435438,1.0,30.613432,36.855891,287235.082672,4081544.851183,9.32,0,1,1,0.1336891633198588,0.0536448589980071,0.0236217038849134,0.0608355899757111,0.0808292234097757,0.0199936334340646,0.0808292234097757,287_4081,0.5935994209041398,0.5951217763203479,0.040886866803318,0.5996084125883581,0.5617971158584182,0.5401595130013128,0.5568128796501006,0.6468605416813841,0.6274686795480613,0.5935994209041398,0.5746000183147789,0.6551894053365778,KO,residential_mixed,x
000000000000000001da,16,91,22907,25.452222222222225,4.0,45.457457716149726,47.8070173896061,2.34955967345639,0.09851630235682,0.9417424070617378,0.8976327128726689,1.0,30.653118,36.878312,290834.868067,4083944.871864,10.53,1,1,1,0.0864661654135338,0.0287668126232053,0.0132320360064895,0.0080595921357919,0.0204847966784711,0.0124252045426791,0.0204847966784711,290_4083,0.4435392425378993,0.4442278356370431,0.0141750630092613,0.4587469253179354,0.4597151230745075,0.4546473492315476,0.4435392425378993,0.4573731312038799,0.4266045043001937,0.4241055073879595,0.4319208694590304,0.441397868220435,KO,residential_mixed,x
00000000000000000299,24,100,21007,23.34111111111111,5.0,45.89059629157901,48.0694613090694,2.178865017490396,0.0900343522916766,0.939128087461196,0.8841339434602205,1.0,30.72015,36.887731,296834.917787,4084845.065457,54.62,0,1,1,0.1702724236869718,0.0766896407594948,0.0322493567108878,0.0222397345860962,0.0333117089503176,0.0110719743642213,0.0333117089503176,296_4084,0.6980655610656612,0.7031968771875338,0.0270517313686626,0.723627323351286,0.7613495356562855,0.6980655610656612,0.7113972108899812,0.6847687424623061,0.7019535961058695,0.6819778908824925,0.6958450707291481,0.6697869635447733,KO,residential_mixed,x
000000000000000002d7,26,175,37507,41.67444444444444,5.0,45.89632421065624,48.60521131270876,2.7088871020525294,0.0855186105946944,0.9672371680722394,0.9161358579943488,1.0,30.699886,36.890044,295035.025238,4085145.132637,51.72,0,1,1,0.1016322638790322,0.0360891845646788,0.0260883573303843,0.019440005921256,0.0666576686796034,0.0472176627583474,0.0666576686796034,295_4085,0.8559088474884731,0.8570916474008152,0.0121251940935516,0.8642116674866445,0.8772558461518366,0.8559088474884731,0.855338491211724,0.8408967219752612,0.8522820781867023,0.8672767882410821,0.8611378390027907,0.8395165468628227,KO,residential_mixed,z
000000000000000002d8,27,203,41027,45.58555555555556,5.0,46.46811802644304,49.09853160977577,2.6304135833326745,0.0666530014130453,0.9577569213055842,0.9188850897545487,1.0,30.70325,36.890109,295335.090094,4085145.131194,53.99,0,1,1,0.1105838843047293,0.0433595589902831,0.0294646128081223,0.0066727142682692,0.0266385220592083,0.019965807790939,0.0266385220592083,295_4085,0.9038780245276764,0.9061715580521296,0.0080668562702451,0.914737539905448,0.9214102541737174,0.8994295483488304,0.903594543202554,0.8952645534951067,0.9008251487186644,0.9091638609284232,0.9072405491687456,0.9038780245276764,KO,residential_mixed,z
000000000000000002db,28,152,31518,35.02,4.0,46.60398734389842,49.00198923409312,2.3980018901947204,0.0994326729780525,0.9494507698815198,0.9378164232669488,1.0,30.713342,36.890304,296235.038181,4085145.131438,51.95,0,1,1,0.1535620374932953,0.0622184623300962,0.03777674090031,0.0438773596835876,0.031048181370219,-0.0128291783133686,0.0438773596835876,296_4085,0.7963727700472264,0.7986180458348293,0.0177762061058258,0.7869231339476106,0.8180280044130281,0.7769545745919475,0.7941313704370729,0.7763353552443955,0.7963727700472264,0.7969396609992108,0.8174611134610438,0.8244164293719285,KO,residential_mixed,y
0000000000000000035b,29,114,27214,30.23777777777778,6.0,44.503557990149616,46.92854681438671,2.4249888242370687,0.0850051462763637,0.9677703539591438,0.9339008774837324,1.0,30.686266,36.895186,293835.016791,4085745.01311,55.83,0,1,1,0.1160965057655739,0.0549692095668405,0.0283219650053207,0.0077848333129808,0.0232978036739179,0.0155129703609371,0.0232978036739179,293_4085,0.7401653786438255,0.7390556825164226,0.0102929870211582,0.7401653786438255,0.7534759171711182,0.7310154737191006,0.7207403659961971,0.7332440730596794,0.7462624077595382,0.7412600526839142,0.7348708197407674,0.7504666538736633,KO,residential_mixed,y
0000000000000000035f,30,211,41824,46.47111111111112,7.0,46.12217440423287,48.7871116109385,2.664937206705605,0.0420017328381538,0.9844175182100392,0.9702108576678088,1.0,30.699723,36.895448,295035.026055,4085745.013938,57.28,0,1,1,0.1096912674535552,0.0271985928309263,0.0105450603227955,0.0144722462894188,0.0228011894758382,0.0083289431864194,0.0228011894758382,295_4085,0.937369656175304,0.9407811510554008,0.010797522396047,0.9505226814581964,0.9613507429870124,0.946094801050152,0.944967150090778,0.9333075004027324,0.9346659061916308,0.9307691972779636,0.9279827238648386,0.937369656175304,KO,residential_mixed,z
0000000000000000037d,31,1,13860,15.4,3.0,52.21376939949809,53.43659100632111,1.2228216068229945,0.0366243910084769,1.0,0.9633756089915232,1.0,30.800659,36.89736,304034.98242,4085745.01235,52.2,0,1,1,0.1099646033881481,0.0472085439497046,0.0205674777845987,0.0,0.0,0.0,0.0,304_4085,1.0,1.0,0.0,1.0,1.0,1.0,1.0,1.0,1.0,1.0,1.0,1.0,HA,airport_transport,z
0000000000000000039d,32,145,28457,31.61888888888889,6.0,45.0849557315941,47.13935945138906,2.054403719794996,0.0610575161802417,0.9716693124923678,0.9594883380144096,1.0,30.679454,36.897758,293234.888929,4086045.076494,60.05,0,1,1,0.1041772063569596,0.0380868063430036,0.0239083788357203,0.0116750693438933,0.028836592641697,0.0171615232978036,0.028836592641697,293_4086,0.7663895818432394,0.7659961000722999,0.0181323915309783,0.7688885787554735,0.7556172914885824,0.7355555361722173,0.7639385586937182,0.7502355075624096,0.7663895818432394,0.7747457390576209,0.7800141304537447,0.7985799766236938,KO,residential_mixed,y
000000000000000003df,33,131,24726,27.473333333333333,8.0,45.11153138012707,47.03901877194623,1.9274873918191453,0.0925073689801854,0.9661222837090024,0.9125039729361414,1.0,30.672644,36.900326,292635.007829,4086344.894468,60.54,1,1,1,0.0991601321844836,0.0349836075566334,0.0144462488951972,0.0105625677576095,0.0419716212627188,0.0314090535051093,0.0419716212627188,292_4086,0.739427635961494,0.7465825492680362,0.014819877894671,0.766147536344202,0.7655466977825572,0.739427635961494,0.7355570165317681,0.7391272166806715,0.729195964803051,0.7302887943608252,0.7580797547882042,0.755872326159553,KO,residential_mixed,y
00000000000000000426,34,135,25676,28.528888888888886,6.0,45.2468683429918,47.5248412465245,2.2779729035327287,0.0730883268533313,0.9819096921382264,0.9241295535982516,1.0,30.682656,36.903227,293534.951832,4086644.958564,63.4,1,1,1,0.083132692734706,0.0239375481646283,0.0106190760228316,0.0099921195048785,0.0341778379578633,0.0241857184529848,0.0341778379578633,293_4086,0.7563577309398686,0.7578022464974367,0.0129253018461024,0.7827421510703976,0.7519472659906565,0.7466355510468866,0.7563577309398686,0.7622136789721394,0.7682873202398107,0.7626926040900204,0.7499314266308488,0.7394124894963012,KO,residential_mixed,y
0000000000000000046b,36,130,30136,33.48444444444444,6.0,45.76311793759163,47.66222489912104,1.8991069615294,0.0852799050991748,0.94914781152417,0.926678645569841,1.0,30.685939,36.905995,293835.015663,4086945.023722,68.19,0,1,1,0.1047398077560489,0.0341398740470666,0.0174755333810163,0.0155696666259616,0.0428056800935052,0.0272360134675435,0.0428056800935052,293_4086,0.8169713727474138,0.8198488293432732,0.0089009222355877,0.819178165832214,0.8155670498752683,0.8130811367165013,0.8175645029045934,0.8153228198105473,0.8297629223871745,0.8169713727474138,0.8119777401741013,0.8392137536416447,KO,residential_mixed,y
0000000000000000046c,37,138,26245,29.16111111111111,6.0,46.57326823017328,48.4599514028193,1.886683172646022,0.0938222475716108,0.9661309915142436,0.8995206353214704,1.0,30.689305,36.90606,294135.081711,4086945.019964,66.76,0,1,1,0.1019422759590559,0.0405783724241223,0.0278040221352409,0.0271901218657343,0.0749219562955255,0.0477318344297911,0.0749219562955255,294_4086,0.8102699855015042,0.8125993234035327,0.0198778936870394,0.8185902934094975,0.8588464770396945,0.8102699855015042,0.792553955738226,0.7930111155133903,0.8111102887072827,0.8027812729940482,0.806177317038127,0.8200532046900239,KO,residential_mixed,y
0000000000000000046d,38,187,38803,43.114444444444445,2.0,48.23556342061425,50.70610710429721,2.47054368368299,0.0717076915025382,0.9538841302792946,0.9294175112956408,1.0,30.69267,36.906126,294435.146855,4086945.02156,60.69,0,1,1,0.1414310137292185,0.0522216213387296,0.0322034785339217,0.016668701917206,0.0444760392861504,0.0278073373689444,0.0444760392861504,294_4086,0.7983139403031942,0.801265538168701,0.0222350118076389,0.7863728346388013,0.8072021701585752,0.783032116253511,0.7879821363152663,0.7691807825829076,0.7983139403031942,0.8144418470770896,0.8282626519896028,0.8366013641993616,ES,old_industrial,y
0000000000000000046e,39,121,32777,36.41888888888889,2.0,47.50264400535413,50.43639029366757,2.933746288313442,0.0961054591598675,0.8693926853624395,0.881057556874425,1.0,30.696033,36.906191,294734.963508,4086945.022234,57.57,0,1,1,0.2300312662163517,0.0905760920282049,0.0555509525948342,0.0094365540007238,0.0322299309701248,0.0227933769694009,0.0322299309701248,294_4086,0.6938309182325213,0.7056266107334263,0.0381135008435225,0.6754767334871208,0.6843638393343829,0.6732745801736433,0.6976944981052762,0.6683033825947036,0.6938309182325213,0.727216434604768,0.7605103762847713,0.7699687337836484,ES,old_industrial,x
000000000000000004a4,41,139,25122,27.91333333333333,4.0,47.36305231188047,49.965064452891,2.6020121410105217,0.0899682500915862,0.968350400362856,0.9228232995481744,1.0,30.648845,36.907971,290535.050601,4087245.086314,54.88,1,1,1,0.0649695584669329,0.0305767318528339,0.0194599026568741,0.0172356645674511,0.02167105699283,0.0044353924253789,0.02167105699283,290_4087,0.8636411213648972,0.8615758266509275,0.0179513830025435,0.8809073146904385,0.8803185457844147,0.8636411213648972,0.8685911414266525,0.8631264937285209,0.8703748931493467,0.862572614831743,0.8342637335798895,0.8303865813024441,KO,residential_mixed,z
000000000000000004ae,42,124,28331,31.47888888888889,7.0,46.08624933025718,47.69677077889849,1.6105214486413162,0.0946878496697594,0.9591607490388844,0.9117341007745524,1.0,30.682492,36.908632,293534.952431,4087245.09024,72.73,0,1,1,0.1108406877364693,0.0464078439226579,0.0197665457743566,0.0122125905059626,0.0377567147478459,0.0255441242418833,0.0377567147478459,293_4087,0.756531885528189,0.7560340936632399,0.0161809226306208,0.7758935218847007,0.7650915835441329,0.7448112817342312,0.7503537515075256,0.7664717586565714,0.7759588298553209,0.756531885528189,0.7304348204683886,0.7387594097901,KO,residential_mixed,y
000000000000000004b2,43,278,38952,43.28,3.0,48.10744733805122,50.74789180758556,2.6404444695343923,0.0850161999991278,0.8899621055202097,0.8832858743856865,1.0,30.695952,36.908894,294734.963722,4087245.088829,62.47,0,1,1,0.2034309984693943,0.0800450024201882,0.0366952873919091,0.0022239568116308,0.0239009946755857,0.0216770378639548,0.0239009946755857,294_4087,0.8177489196366665,0.8199675467043045,0.0103564352719551,0.8232870081675905,0.8166543840293737,0.820238879125767,0.8280009244683217,0.8038906162104649,0.8135757300901357,0.8152502387483048,0.8177489196366665,0.8410612198621148,ES,old_industrial,z
000000000000000004f3,47,155,34639,38.48777777777778,6.0,45.30269919246612,46.6560786719241,1.3533794794579947,0.0969593356942238,0.9783245817560142,0.9080342968790884,1.0,30.685776,36.9114,293835.017449,4087545.153564,78.87,1,1,1,0.0744640022329605,0.0322252847897004,0.0116619855904261,0.0033363571341346,0.0360893533136785,0.0327529961795439,0.0360893533136785,293_4087,0.7541824398583467,0.7513098290971049,0.0186365587869738,0.7780559286848212,0.7627915496397608,0.7349493222615706,0.7280018491704903,0.7588315335903565,0.7691458925736616,0.751674720443801,0.724155225651135,0.7541824398583467,KO,residential_mixed,y
000000000000000004f4,48,129,28401,31.556666666666665,7.0,46.15936731217876,47.56362494287184,1.4042576306930614,0.075818860235372,0.9933080516721164,0.9274944596589152,1.0,30.689142,36.911466,294135.082524,4087545.1523,76.55,1,1,1,0.0727885440114246,0.0255617622856247,0.0144549567004384,0.0016893142167982,0.047801496871721,0.0461121826549227,0.047801496871721,294_4087,0.7196435024534241,0.7311010390830487,0.0326030579423567,0.7926715111089825,0.7649893982471188,0.7196435024534241,0.7112709477139834,0.7446653808140926,0.7415654021482154,0.692980202804784,0.7104872452422728,0.7016357612145646,KO,residential_mixed,x
000000000000000004fb,49,88,21203,23.558888888888887,4.0,47.74223344867856,49.27889921907585,1.536665770397298,0.0916749883351284,0.9171772319150884,0.91664958725978,1.0,30.712697,36.911922,296235.036664,4087545.153705,57.64,0,1,1,0.1302933442641536,0.0672550704034955,0.0411432010151708,0.0300103348581246,0.0350251394333706,0.005014804575246,0.0350251394333706,296_4087,0.7589318030184764,0.7637949521510121,0.0282445950174117,0.7922039412003263,0.8172081928824662,0.7639073612970466,0.7589318030184764,0.7177798806040443,0.7694498105276012,0.7434033516337363,0.7556656389951205,0.7556045892002914,KO,residential_mixed,y
00000000000000000515,50,2,5447,6.052222222222222,4.5,50.46672881374459,52.15359345934984,1.686864645605273,0.0205476767931864,0.9838805892162796,0.9855613273476996,1.0,30.800193,36.913575,304034.981376,4087545.155394,48.55,1,1,1,0.0055516609263218,0.0033309965557931,0.0011103321852643,0.0,0.0033309965557931,0.0033309965557931,0.0033309965557931,304_4087,1.0,1.0,0.0,1.0,1.0,1.0,1.0,1.0,1.0,1.0,1.0,1.0,HA,airport_transport,z
00000000000000000535,53,156,34660,38.51111111111111,4.0,45.31967435843931,47.39938357000669,2.079709211567369,0.0602549398410005,0.9767039235267696,0.947476985203372,1.0,30.678963,36.91397,293234.889295,4087844.968136,81.65,1,1,1,0.0853041093022951,0.0369588633677701,0.0222407319381271,0.0166500224587783,0.0394663968705981,0.0228163744118198,0.0394663968705981,293_4087,0.8280529765512912,0.8223702030399545,0.0123655124561847,0.8317990135581248,0.8306477286107393,0.8003305583295903,0.8014207902873416,0.8292217052100006,0.8283800461386165,0.8244857375855288,0.8269932710883569,0.8280529765512912,KO,residential_mixed,z
00000000000000000537,54,131,31667,35.18555555555555,5.0,45.18826360721574,46.63113929302465,1.4428756858088838,0.061410777523856,0.9783376655094812,0.9480487762329256,1.0,30.685694,36.914101,293835.016555,4087844.969251,83.39,1,1,1,0.0569492175915426,0.0177939047153847,0.012233309491827,0.0083387122097587,0.0289107339113444,0.0205720217015857,0.0289107339113444,293_4087,0.7288130418854561,0.7295389479111546,0.0158482091463269,0.7574621007274568,0.7288130418854561,0.7171815850531201,0.721067459832877,0.7444306822741309,0.7413821677162745,0.7135966366031088,0.7099767981438516,0.7319400589641157,KO,residential_mixed,x
00000000000000000579,57,127,29547,32.83,6.0,45.59228621780166,47.447273407205046,1.8549871894033705,0.0933512132044009,0.9494342152811944,0.9188962082192258,1.0,30.682247,36.916738,293534.952125,4088145.035676,89.13,1,1,1,0.0889581637140208,0.0236197160409437,0.0155520047370048,0.0138757668244217,0.0244556580648813,0.0105798912404596,0.0244556580648813,293_4088,0.7277267166200075,0.7283202935085327,0.0106530639797236,0.716650484802835,0.7277267166200075,0.717752012573961,0.7147086611430634,0.7330471392931934,0.7430523203921959,0.72470513451265,0.7408318493911118,0.7364083228477756,KO,residential_mixed,x
000000000000000005ac,65,15,58336,64.81777777777778,1.0,50.6332425421443,54.7905069770059,4.157264434861625,0.0661613281028905,0.9732933938810786,0.9444359785964012,1.0,30.635051,36.918512,289335.037144,4088445.099796,69.73,0,1,1,0.1906557355636732,0.0959069317880016,0.0558687919331594,0.0133445953300447,0.039454721983969,0.0261101266539243,0.039454721983969,289_4088,0.9279609545412986,0.9274220428429962,0.0065136721858004,0.9207727239083772,0.9279609545412986,0.9202284908198762,0.9183258519424768,0.9355758639156048,0.9289013893182284,0.9338778566794816,0.9266939799112682,0.9344612745503544,YS,new_industrial,z
000000000000000005ae,66,15,56178,62.42,1.0,49.30745764034237,52.44662668017276,3.1391690398304,0.0594096536326491,0.97365724327695,0.9447678601797465,1.0,30.641781,36.918645,289934.91919,4088445.097209,72.59,0,1,1,0.1283342708755772,0.054730663736302,0.0236086219001146,0.0110935231093261,0.009968472416635,-0.001125050692691,0.0110935231093261,289_4088,0.9114349629125732,0.907478873805845,0.018844514187011,0.9314024323770402,0.935309585170262,0.9130876536588132,0.914195261705106,0.8819961364538228,0.8836662698464611,0.8958935649716775,0.9003239971568486,0.9114349629125732,YS,new_industrial,z
000000000000000005cc,67,278,41436,46.04,2.0,51.60962909466912,53.40959639721165,1.7999673025425154,0.0784142698270785,0.9334132885584072,0.9360125602389932,1.0,30.742742,36.920608,298934.875284,4088445.098044,58.04,0,1,1,0.1663708323338929,0.0725179354107154,0.0458623171024226,0.0500185350749034,0.0382563946008416,-0.0117621404740617,0.0500185350749034,298_4088,0.9654288144093852,0.9659036999886124,0.006320107391533,0.967910333849408,0.9750670533592096,0.9690311607318084,0.9585468501275648,0.965219477092828,0.9734795787086504,0.9624152292897796,0.9654288144093852,0.9560348023288776,SH,wholesale_logistics,z
000000000000000005ee,71,14,44924,49.91555555555556,1.0,49.40016472347518,52.58871734453437,3.1885526210592,0.0550228280634737,0.9366177836501354,0.9216258290707866,1.0,30.641697,36.921346,289934.920436,4088744.914394,75.67,0,1,1,0.133026342756723,0.0477666871617761,0.0199718301260667,0.0066718122473541,0.0133436244947083,0.0066718122473541,0.0133436244947083,289_4088,0.877530818975855,0.8789654766421162,0.0121288996109835,0.877530818975855,0.9007818666248044,0.87685927708952,0.8757691116896256,0.8624472905029151,0.8646668672571003,0.8802169865211951,0.879122460459701,0.8932946106583292,YS,new_industrial,z
0000000000000000060c,72,282,49860,55.400000000000006,2.0,51.823348168014,53.81021452594115,1.98686635792719,0.0394644453651409,0.9450489544037154,0.9475043066791684,1.0,30.742663,36.923308,298934.87591,4088744.91367,62.75,1,1,1,0.0778734817593056,0.0221243376436468,0.011587692710264,0.0372271527944351,0.0415927080834732,0.0043655552890381,0.0415927080834732,298_4088,0.9703918532894308,0.9660597338217872,0.0103228086950443,0.9497241544734948,0.9563662530800934,0.9662094681523802,0.9541158769271026,0.9706840532937918,0.9783553937067968,0.9711550622560458,0.9775354892169476,0.9703918532894308,SH,wholesale_logistics,z
000000000000000006bb,80,182,27213,30.236666666666668,4.0,47.47346438481638,49.0693169777175,1.5958525929010696,0.0715899377213334,0.9583718577185424,0.9312099855206462,1.0,30.705398,36.930705,295634.907902,4089644.861201,88.43,1,1,1,0.0433072239764143,0.0155173316120928,0.0038684297751338,0.0394039041920346,0.0600151771540219,0.0206112729619873,0.0600151771540219,295_4089,0.7302348097622247,0.733865793641102,0.0259076002691886,0.755573678977025,0.781113165744989,0.7302348097622247,0.7488747972018213,0.7010449557769134,0.7174476213736198,0.7063787659403731,0.7446879960923191,0.7194363519006334,KO,residential_mixed,y
000000000000000006e7,82,34,33612,37.34666666666666,1.0,50.50483845218987,53.41064112091315,2.905802668723302,0.0428013188423494,0.8691450203234303,0.8541379550965581,1.0,30.648097,36.932288,290535.052086,4089944.924345,102.24,0,1,1,0.1216614622402874,0.0444716780349946,0.018892940006629,0.0033319958829789,0.0183434223610069,0.015011426478028,0.0183434223610069,290_4089,0.8230160668492578,0.822954040166154,0.0101922672262683,0.8174554716257001,0.8280184219248818,0.8230160668492578,0.8358032552378627,0.8163433525809884,0.8141191144915654,0.8080090016223855,0.8246820647907472,0.8391396123719973,YS,new_industrial,z
000000000000000006f8,83,168,26439,29.37666666666667,4.0,47.77407572910267,49.23717487543572,1.4630991463331104,0.0786377195889956,0.960552483296408,0.930791305409696,1.0,30.705317,36.933408,295634.909037,4089944.926147,89.91,1,1,1,0.0574900127348533,0.014165343753816,0.0105629502991818,0.031662683390611,0.0536390279643423,0.0219763445737313,0.0536390279643423,295_4089,0.7514653803883259,0.7440347775858829,0.026971745037087,0.7514653803883259,0.775395565479825,0.7314603213369852,0.7648369764317988,0.7095537567817457,0.7198593932627393,0.7092877204612461,0.7754042879821365,0.7590495961481432,KO,residential_mixed,y
