arcgis_grid_id,GridID,manual_label,footprint_2025_m2,added_m2,removed_m2,net_change_m2,baseline_footprint_proxy_m2,BCR_2025_pct,delta_BCR_pp,BCR_baseline_proxy_pct,turnover_pp,delta_LST_C,p75_storeys,IVS_median_2017_2025,annual_stable_p95,any_footprint_change
3,0000000000000000001c,Liman Mahallesi,17147,2309,0,2309,14838,19.052222222222223,2.5655555555555556,16.486666666666668,2.5655555555555556,1.4967862826323224,5.0,0.703149966258136,1,True
4,0000000000000000001d,Liman Mahallesi,14645,208,0,208,14437,16.272222222222222,0.2311111111111111,16.04111111111111,0.2311111111111111,1.7663978328639824,5.0,0.5762860432257053,1,True
5,00000000000000000023,Fener Mahallesi,25842,887,592,295,25547,28.713333333333335,0.3277777777777778,28.385555555555555,1.6433333333333335,2.336710926713254,4.0,0.6213986386014487,1,True
6,00000000000000000039,Fener Mahallesi,25659,379,0,379,25280,28.51,0.4211111111111111,28.088888888888892,0.4211111111111111,1.7102559742085417,4.0,0.5628151003960018,1,True
7,0000000000000000003e,Fener Mahallesi,18020,622,218,404,17616,20.022222222222222,0.44888888888888884,19.573333333333334,0.9333333333333335,1.643417514681277,5.0,0.5190935575597928,1,True
8,0000000000000000006a,Hurma Mahallesi,21169,947,0,947,20222,23.52111111111111,1.0522222222222222,22.468888888888888,1.0522222222222222,2.0169225527793024,6.0,0.6831447367848169,1,True
9,0000000000000000006e,Hurma Mahallesi,20024,0,0,0,20024,22.24888888888889,0.0,22.24888888888889,0.0,1.2593107307270712,5.0,0.5935994209041398,1,False
16,000000000000000001da,Pınarbaşı Mahallesi,22907,105,0,105,22802,25.452222222222222,0.11666666666666668,25.335555555555555,0.11666666666666668,2.34955967345639,4.0,0.4435392425378993,1,True
24,00000000000000000299,Çaybaşı Mahallesi,21007,1494,0,1494,19513,23.34111111111111,1.66,21.68111111111111,1.66,2.178865017490396,5.0,0.6980655610656612,1,True
26,000000000000000002d7,Balbey Mahallesi,37507,0,125,-125,37632,41.67444444444444,-0.1388888888888889,41.813333333333325,0.1388888888888889,2.7088871020525294,5.0,0.8559088474884731,1,True
27,000000000000000002d8,Balbey Mahallesi,41027,328,0,328,40699,45.58555555555556,0.36444444444444446,45.221111111111114,0.36444444444444446,2.6304135833326745,5.0,0.9038780245276764,1,True
28,000000000000000002db,Yüksekalan Mahallesi,31518,854,0,854,30664,35.02,0.9488888888888889,34.071111111111115,0.9488888888888889,2.3980018901947204,4.0,0.7963727700472264,1,True
29,0000000000000000035b,Meltem Mahallesi,27214,833,670,163,27051,30.23777777777778,0.1811111111111111,30.05666666666667,1.67,2.4249888242370687,6.0,0.7401653786438255,1,True
30,0000000000000000035f,Muratpaşa Mahallesi,41824,984,0,984,40840,46.471111111111114,1.0933333333333333,45.37777777777778,1.0933333333333333,2.664937206705605,7.0,0.937369656175304,1,True
31,0000000000000000037d,Havaalanı,13860,0,0,0,13860,15.4,0.0,15.4,0.0,1.2228216068229945,3.0,1.0,1,False
32,0000000000000000039d,Soğuksu Mahallesi,28457,776,0,776,27681,31.61888888888889,0.8622222222222222,30.756666666666668,0.8622222222222222,2.054403719794996,6.0,0.7663895818432394,1,True
33,000000000000000003df,Soğuksu Mahallesi,24726,0,271,-271,24997,27.473333333333333,-0.3011111111111111,27.774444444444445,0.3011111111111111,1.9274873918191453,8.0,0.739427635961494,1,True
34,00000000000000000426,Sigorta Mahallesi,25676,325,0,325,25351,28.528888888888886,0.3611111111111111,28.167777777777776,0.3611111111111111,2.2779729035327287,6.0,0.7563577309398686,1,True
36,0000000000000000046b,Sigorta Mahallesi,30136,1119,0,1119,29017,33.48444444444444,1.2433333333333332,32.24111111111111,1.2433333333333332,1.8991069615294,6.0,0.8169713727474138,1,True
37,0000000000000000046c,Sigorta Mahallesi,26245,730,0,730,25515,29.16111111111111,0.8111111111111111,28.35,0.8111111111111111,1.886683172646022,6.0,0.8102699855015042,1,True
38,0000000000000000046d,Küçük Sanayi,38803,0,0,0,38803,43.114444444444445,0.0,43.114444444444445,0.0,2.47054368368299,2.0,0.7983139403031942,1,False
39,0000000000000000046e,Küçük Sanayi,32777,0,0,0,32777,36.41888888888889,0.0,36.41888888888889,0.0,2.933746288313442,2.0,0.6938309182325213,1,False
41,000000000000000004a4,Şafak Mahallesi,25122,880,0,880,24242,27.913333333333334,0.9777777777777777,26.935555555555556,0.9777777777777777,2.6020121410105217,4.0,0.8636411213648972,1,True
42,000000000000000004ae,Şafak Mahallesi,28331,340,0,340,27991,31.47888888888889,0.37777777777777777,31.101111111111113,0.37777777777777777,1.6105214486413162,7.0,0.756531885528189,1,True
43,000000000000000004b2,Küçük Sanayi,38952,0,0,0,38952,43.28,0.0,43.28,0.0,2.6404444695343923,3.0,0.8177489196366665,1,False
47,000000000000000004f3,Özgürlük Mahallesi,34639,0,0,0,34639,38.48777777777778,0.0,38.48777777777778,0.0,1.3533794794579947,6.0,0.7541824398583467,1,False
48,000000000000000004f4,Özgürlük Mahallesi,28401,226,0,226,28175,31.556666666666665,0.2511111111111111,31.305555555555554,0.2511111111111111,1.4042576306930614,7.0,0.7196435024534241,1,True
49,000000000000000004fb,Kızılarık Mahallesi,21203,0,0,0,21203,23.558888888888887,0.0,23.558888888888887,0.0,1.536665770397298,4.0,0.7589318030184764,1,False
50,00000000000000000515,Havaalanı,5447,0,0,0,5447,6.052222222222222,0.0,6.052222222222222,0.0,1.686864645605273,4.5,1.0,1,False
53,00000000000000000535,Özgürlük Mahallesi,34660,123,0,123,34537,38.51111111111111,0.13666666666666666,38.37444444444445,0.13666666666666666,2.079709211567369,4.0,0.8280529765512912,1,True
54,00000000000000000537,Özgürlük Mahallesi,31667,0,0,0,31667,35.18555555555555,0.0,35.18555555555555,0.0,1.4428756858088838,5.0,0.7288130418854561,1,False
57,00000000000000000579,Özgürlük Mahallesi,29547,0,0,0,29547,32.83,0.0,32.83,0.0,1.8549871894033705,6.0,0.7277267166200075,1,False
65,000000000000000005ac,Yeni Sanayi,58336,0,0,0,58336,64.81777777777778,0.0,64.81777777777778,0.0,4.157264434861625,1.0,0.9279609545412986,1,False
66,000000000000000005ae,Yeni Sanayi,56178,0,0,0,56178,62.419999999999995,0.0,62.419999999999995,0.0,3.1391690398304,1.0,0.9114349629125732,1,False
67,000000000000000005cc,Hal,41436,0,0,0,41436,46.04,0.0,46.04,0.0,1.7999673025425154,2.0,0.9654288144093852,1,False
71,000000000000000005ee,Yeni Sanayi,44924,0,0,0,44924,49.91555555555556,0.0,49.91555555555556,0.0,3.1885526210592,1.0,0.877530818975855,1,False
72,0000000000000000060c,Hal,49860,0,0,0,49860,55.400000000000006,0.0,55.400000000000006,0.0,1.98686635792719,2.0,0.9703918532894308,1,False
80,000000000000000006bb,Kuzeyyaka Mahallesi,27213,0,0,0,27213,30.236666666666668,0.0,30.236666666666668,0.0,1.5958525929010696,4.0,0.7302348097622247,1,False
82,000000000000000006e7,Yeni Sanayi,33612,0,0,0,33612,37.346666666666664,0.0,37.346666666666664,0.0,2.905802668723302,1.0,0.8230160668492578,1,False
83,000000000000000006f8,Kuzeyyaka Mahallesi,26439,196,0,196,26243,29.37666666666667,0.21777777777777776,29.158888888888892,0.21777777777777776,1.4630991463331104,4.0,0.7514653803883259,1,True
