relative_path,size_bytes
.gitignore,56
CHANGELOG.md,2040
CITATION.cff,1120
LICENSE_CODE,1087
LICENSE_DATA,458
README.md,6976
VERSION,6
data/derived/annual_core_vegetation_support_2017_2025.csv,139641
data/derived/annual_scl_core_stats_64.csv,53655
data/derived/annual_scl_thresholds.csv,731
data/derived/broad_mask_lulc_lst_summary.csv,1265
data/derived/classification_validation_confusion_matrices.csv,754
data/derived/core_acquisition_panel_60acq_3823obs.csv,2563201
data/derived/eligible_population_construction.csv,207
data/derived/endpoint_grid_stats_pre_inland_water_2301.csv,1008304
data/derived/endpoint_support_scenarios_retained_cores_332.csv,236010
data/derived/endpoint_thermal_retained_cores_83.csv,58625
data/derived/endpoint_threshold_dlst_sensitivity.csv,28469
data/derived/landsat_scene_meteorology_audit_75.csv,73223
data/derived/manual_footprint_audit_47.csv,1393
data/derived/morphology_footprint_audit_scl_p95_40.csv,6952
data/derived/morphology_scl_p95_40.csv,24959
data/derived/primary_s0_scene_metadata_6.csv,2487
docs/ASSET_MANIFEST.md,2310
docs/DATA_DICTIONARY.md,6340
docs/REPOSITORY_SCOPE.md,3115
docs/RUNNING_THE_CODE.md,3021
docs/VALIDATION_REPORT.md,2074
requirements.txt,44
results/meteorological_cluster_sensitivity.csv,2568
results/meteorological_definition_sensitivity.csv,1785
results/meteorological_endpoint_leave_one_out.csv,4671
results/meteorological_model_specifications.csv,3300
results/meteorological_model_summary.csv,2597
results/morphology_descriptive_classes.csv,854
results/morphology_ols_hc3_bootstrap.csv,2343
results/morphology_spearman_bootstrap.csv,787
results/spatial_block_resampling_summary.csv,216
results/support_scenarios_raw_standardised.csv,1148
scripts/README.md,1802
scripts/gee/01_endpoint_landcover_retained_cores.js,16739
scripts/gee/02_endpoint_landsat_dlst.js,27966
scripts/gee/03_scene_meteorology_annual_scl.js,36579
scripts/gee/04_core_acquisition_exports.js,20097
scripts/python/01_validate_release.py,3958
scripts/python/02_weather_adjusted_models.py,37850
scripts/python/03_morphology_analysis.py,3710
scripts/python/04_footprint_audit_analysis.py,4937
scripts/r/01_endpoint_statistics.R,1827
