sample,model,cluster_scheme,estimate_C,std_error_C,ci95_low_C,ci95_high_C,t_value,df_inference,p_value,n_rows,n_scenes,n_cores,n_scene_clusters,n_spatial_clusters,model_rank,r2_with_fixed_effects,covariance_psd_adjusted
47UU_17FF_endpoint_stable,M0_sceneFE_calendar_sensor,scene_id + block_1000,0.3015503268225061,0.6680783319585174,-1.0576652594415348,1.660765913086547,0.4513697157913963,33,0.6546755433245423,3823,60,64,60,34,135,0.964310445109208,1
47UU_17FF_endpoint_stable,M1_weather_adjusted_primary,scene_id + block_1000,0.79147400207807,0.3710422515276952,0.0365828653449289,1.546365138811211,2.1331101749715238,33,0.0404426279033074,3823,60,64,60,34,140,0.9713459834019672,1
47UU_17FF_endpoint_stable,M1b_replace_soilwater_with_P30,scene_id + block_1000,0.908404922676178,0.3183291513556815,0.2607593946189782,1.556050450733378,2.8536655182458674,33,0.0074093670772826,3823,60,64,60,34,140,0.9713260859049422,1
47UU_17FF_endpoint_stable,M2_plus_FF_NDMI_diagnostic,scene_id + block_1000,1.5772451323100736,0.3436530164355216,0.878077813357396,2.2764124512627517,4.589644370562382,33,6.148013137789854e-05,3823,60,64,60,34,141,0.9729558160981951,1
40UU_14FF_SCL_exact_p95_stable,M0_sceneFE_calendar_sensor,scene_id + block_1000,0.3107276104956957,0.6975201519649894,-1.1137985835774558,1.7352538045688473,0.4454747430885582,30,0.6591748924251531,3229,60,54,60,31,125,0.965223707930915,1
40UU_14FF_SCL_exact_p95_stable,M1_weather_adjusted_primary,scene_id + block_1000,0.7182969466418521,0.3838519371880352,-0.065633291975145,1.5022271852588491,1.8712864963085607,30,0.0710865536808966,3229,60,54,60,31,130,0.9734893230412206,1
40UU_14FF_SCL_exact_p95_stable,M1b_replace_soilwater_with_P30,scene_id + block_1000,0.890481726638702,0.3270792704466818,0.2224967415783402,1.5584667116990638,2.7225257211274783,30,0.01068777935605,3229,60,54,60,31,130,0.9734179571509616,1
40UU_14FF_SCL_exact_p95_stable,M2_plus_FF_NDMI_diagnostic,scene_id + block_1000,1.5534812645545737,0.3719307782237251,0.7938972805375757,2.313065248571572,4.176802124238608,30,0.0002343906982953,3229,60,54,60,31,131,0.9753875764396466,1
47UU_17FF_complete_64core_scenes,M1_weather_adjusted_primary,scene_id + block_1000,0.7158287744872223,0.4607949781512631,-0.221665657549356,1.6533232065238006,1.5534647911293868,33,0.1298512415192353,3392,53,64,53,34,133,0.971638035007804,1
UU_bare_max_le5pct_increase_le2pp_all_FF,M1_weather_adjusted_primary,scene_id + block_1000,0.896469663182252,0.4262254956696868,0.021927184265253,1.7710121420992508,2.1032755484833583,27,0.0448982625389039,2605,58,45,58,28,119,0.972090598244508,1
41UU_bare_max_le5pct_17FF,M1_weather_adjusted_primary,scene_id + block_1000,0.8496437379308496,0.3826163299137052,0.0692925882610034,1.6299948876006956,2.220615461244106,31,0.0338190626433047,3468,60,58,60,32,134,0.971756862200269,1
AOI_clear_ge95pct,M1_weather_adjusted_primary,scene_id + block_1000,0.5968678442525067,0.4712962666999885,-0.361991619979383,1.5557273084843963,1.266438727452201,33,0.2142227058734206,3451,54,64,54,34,134,0.9730979727206304,1
bare_max_le5pct_increase_le2pp,M1_weather_adjusted_primary,scene_id + block_1000,0.7965573552467644,0.4472481503511682,-0.1245674530490696,1.7176821635425985,1.7810187803377773,25,0.0870650142002373,2492,58,43,58,26,117,0.9730291833014028,1
