sample,model,cluster_scheme,estimate_C,std_error_C,ci95_low_C,ci95_high_C,t_value,df_inference,p_value,n_rows,n_scenes,n_cores,n_scene_clusters,n_spatial_clusters,model_rank,r2_with_fixed_effects,covariance_psd_adjusted,dropped_scene_id,dropped_year,dropped_date
leave_one_endpoint_scene_out,M1_weather_adjusted_primary,scene_id + block_1000,0.926541249564952,0.3597433695600052,0.1946378610391509,1.6584446380907534,2.575561714169148,33,0.014675201955851,3761,59,64,59,34,139,0.9707228674169338,1,LC08_L2SP_178034_20170609_20200903_02_T1,2017,2017-06-09
leave_one_endpoint_scene_out,M1_weather_adjusted_primary,scene_id + block_1000,0.8016139006947635,0.3760903811177272,0.0364522670871957,1.566775534302331,2.1314395181083747,33,0.0405900542679721,3759,59,64,59,34,139,0.9711607012654528,1,LC08_L2SP_178034_20170625_20200903_02_T1,2017,2017-06-25
leave_one_endpoint_scene_out,M1_weather_adjusted_primary,scene_id + block_1000,0.8145985725544375,0.3695484097400698,0.0627466797901893,1.5664504653186857,2.2043081530980038,33,0.0345853655833705,3759,59,64,59,34,139,0.9711594608008344,1,LC08_L2SP_178034_20170711_20200903_02_T1,2017,2017-07-11
leave_one_endpoint_scene_out,M1_weather_adjusted_primary,scene_id + block_1000,0.7751804304663104,0.3947044376950075,-0.0278517859953217,1.5782126469279425,1.9639516469417069,33,0.058005529069046,3759,59,64,59,34,139,0.9719478782814762,1,LC08_L2SP_178034_20170727_20200903_02_T1,2017,2017-07-27
leave_one_endpoint_scene_out,M1_weather_adjusted_primary,scene_id + block_1000,0.7062797019781499,0.3941405896428412,-0.0956053569959127,1.5081647609522126,1.7919486613093063,33,0.0823151271265729,3759,59,64,59,34,139,0.9711803199398,1,LC08_L2SP_178034_20170812_20200903_02_T1,2017,2017-08-12
leave_one_endpoint_scene_out,M1_weather_adjusted_primary,scene_id + block_1000,0.652515374535676,0.3742398103295318,-0.1088812444942953,1.4139119935656472,1.743575527042707,33,0.090544104408686,3759,59,64,59,34,139,0.971238205035994,1,LC08_L2SP_178034_20170828_20200903_02_T1,2017,2017-08-28
leave_one_endpoint_scene_out,M1_weather_adjusted_primary,scene_id + block_1000,0.7760212344171671,0.3781647847796069,0.00663919482642,1.545403274007914,2.0520716514347828,33,0.0481653167540785,3759,59,64,59,34,139,0.9714817701733354,1,LC09_L2SP_178034_20250607_20250608_02_T1,2025,2025-06-07
leave_one_endpoint_scene_out,M1_weather_adjusted_primary,scene_id + block_1000,0.8385298658894926,0.3614236601754647,0.1032079004023783,1.573851831376607,2.3200746334160893,33,0.026666156856074,3759,59,64,59,34,139,0.9714105776106652,1,LC08_L2SP_178034_20250615_20250626_02_T1,2025,2025-06-15
leave_one_endpoint_scene_out,M1_weather_adjusted_primary,scene_id + block_1000,0.8068161288378517,0.3657162291505242,0.0627608661056224,1.550871391570081,2.2061261287526186,33,0.0344462666784487,3759,59,64,59,34,139,0.9713595108570374,1,LC09_L2SP_178034_20250623_20250624_02_T1,2025,2025-06-23
leave_one_endpoint_scene_out,M1_weather_adjusted_primary,scene_id + block_1000,0.7418206084550141,0.3691228641123222,-0.0091655052198189,1.492806722129847,2.009684797605173,33,0.0526993445705295,3759,59,64,59,34,139,0.9709427492826948,1,LC08_L2SP_178034_20250701_20250711_02_T1,2025,2025-07-01
leave_one_endpoint_scene_out,M1_weather_adjusted_primary,scene_id + block_1000,0.9226511948035108,0.3701933732699918,0.1694871138713393,1.6758152757356823,2.492349300187491,33,0.0178869694132716,3759,59,64,59,34,139,0.9712908599502342,1,LC08_L2SP_178034_20250717_20250726_02_T1,2025,2025-07-17
leave_one_endpoint_scene_out,M1_weather_adjusted_primary,scene_id + block_1000,0.7920356315442848,0.3835475231879794,0.0117023283195357,1.5723689347690335,2.0650260623795043,33,0.0468497271058006,3759,59,64,59,34,139,0.9712194888595498,1,LC09_L2SP_178034_20250725_20250727_02_T1,2025,2025-07-25
leave_one_endpoint_scene_out,M1_weather_adjusted_primary,scene_id + block_1000,0.6915872854856764,0.3748611151902775,-0.0710733877878616,1.4542479587592143,1.844916043464872,33,0.0740408545622124,3759,59,64,59,34,139,0.9703512171967402,1,LC09_L2SP_178034_20250810_20250811_02_T1,2025,2025-08-10
leave_one_endpoint_scene_out,M1_weather_adjusted_primary,scene_id + block_1000,0.6972048634978717,0.3853037461545004,-0.0867015022179962,1.4811112292137396,1.8094941210831208,33,0.0794913174940554,3760,59,64,59,34,139,0.9714161117231592,1,LC08_L2SP_178034_20250818_20250821_02_T1,2025,2025-08-18
leave_one_endpoint_scene_out,M1_weather_adjusted_primary,scene_id + block_1000,0.8531137457755492,0.378038029069928,0.0839895926151829,1.6222378989359156,2.2566876350361658,33,0.0307727063313832,3759,59,64,59,34,139,0.9713935874509652,1,LC09_L2SP_178034_20250826_20250902_02_T1,2025,2025-08-26
