display_label,sample,model,cluster_scheme,estimate_C,std_error_C,ci95_low_C,ci95_high_C,t_value,df_inference,p_value,n_rows,n_scenes,n_cores,n_scene_clusters,n_spatial_clusters,model_rank,r2_with_fixed_effects,covariance_psd_adjusted
Primary multiyear model,47UU_17FF_endpoint_stable,M1_weather_adjusted_primary,scene_id + block_1000,0.79147400207807,0.3710422515276952,0.0365828653449289,1.546365138811211,2.133110174971524,33,0.0404426279033074,3823,60,64,60,34,140,0.9713459834019672,1
Precipitation substitution,47UU_17FF_endpoint_stable,M1b_replace_soilwater_with_P30,scene_id + block_1000,0.908404922676178,0.3183291513556815,0.2607593946189782,1.556050450733378,2.8536655182458674,33,0.0074093670772826,3823,60,64,60,34,140,0.9713260859049422,1
Exact annual p95 stability,40UU_14FF_SCL_exact_p95_stable,M1_weather_adjusted_primary,scene_id + block_1000,0.7182969466418521,0.3838519371880352,-0.065633291975145,1.5022271852588491,1.8712864963085607,30,0.0710865536808966,3229,60,54,60,31,130,0.9734893230412206,1
Exact p95 + precipitation,40UU_14FF_SCL_exact_p95_stable,M1b_replace_soilwater_with_P30,scene_id + block_1000,0.890481726638702,0.3270792704466818,0.2224967415783402,1.5584667116990638,2.7225257211274783,30,0.01068777935605,3229,60,54,60,31,130,0.9734179571509616,1
Complete 64-core scenes,47UU_17FF_complete_64core_scenes,M1_weather_adjusted_primary,scene_id + block_1000,0.7158287744872223,0.4607949781512631,-0.221665657549356,1.6533232065238006,1.5534647911293868,33,0.1298512415192353,3392,53,64,53,34,133,0.971638035007804,1
AOI clear ≥95%,AOI_clear_ge95pct,M1_weather_adjusted_primary,scene_id + block_1000,0.5968678442525067,0.4712962666999885,-0.361991619979383,1.5557273084843963,1.266438727452201,33,0.2142227058734206,3451,54,64,54,34,134,0.9730979727206304,1
Exclude UU with >5% bare,41UU_bare_max_le5pct_17FF,M1_weather_adjusted_primary,scene_id + block_1000,0.8496437379308496,0.3826163299137052,0.0692925882610034,1.6299948876006956,2.220615461244106,31,0.0338190626433047,3468,60,58,60,32,134,0.971756862200269,1
Strict bare/construction screen,UU_bare_max_le5pct_increase_le2pp_all_FF,M1_weather_adjusted_primary,scene_id + block_1000,0.896469663182252,0.4262254956696868,0.021927184265253,1.7710121420992508,2.1032755484833583,27,0.0448982625389039,2605,58,45,58,28,119,0.972090598244508,1
Forest NDMI mechanism diagnostic,47UU_17FF_endpoint_stable,M2_plus_FF_NDMI_diagnostic,scene_id + block_1000,1.5772451323100736,0.3436530164355216,0.878077813357396,2.276412451262752,4.589644370562382,33,6.148013137789854e-05,3823,60,64,60,34,141,0.9729558160981951,1
