dimension,class,n,value_min,value_max,mean_dlst_C,sd_dlst_C,mean_lst2025_C
BCR,A,14,6.05,28.53,1.833952859859089,0.4111587209478958,48.61150536505959
BCR,B,13,28.71,36.42,1.946556575169978,0.4657201452923751,48.12320533191802
BCR,C,13,37.35,64.82,2.5943028585598302,0.7089550182427656,50.9582014410012
p75_storey,1,10,1.0,3.0,2.644517847329805,0.8285364359205357,52.57832832576504
p75_storey,2,18,4.0,5.0,1.9380936512209264,0.470789728517019,48.48966355587893
p75_storey,3,12,6.0,8.0,1.9479707067700007,0.3866893287024492,47.50184465794274
IVS_median,x,13,0.4435392425378993,0.7288130418854561,1.8764687153670223,0.4739189594986803,47.813030910446095
IVS_median,y,13,0.7302348097622247,0.8169713727474138,1.91528515270522,0.3885583699130872,48.18463688058683
IVS_median,z,14,0.8177489196366665,1.0,2.5295508851125423,0.7401644496507689,51.47497727681116
